-- --------------------------------------------------------
-- Host:                         127.0.0.1
-- Versión del servidor:         8.0.30 - MySQL Community Server - GPL
-- SO del servidor:              Win64
-- HeidiSQL Versión:             12.5.0.6677
-- --------------------------------------------------------

/*!40101 SET @OLD_CHARACTER_SET_CLIENT=@@CHARACTER_SET_CLIENT */;
/*!40101 SET NAMES utf8 */;
/*!50503 SET NAMES utf8mb4 */;
/*!40103 SET @OLD_TIME_ZONE=@@TIME_ZONE */;
/*!40103 SET TIME_ZONE='+00:00' */;
/*!40014 SET @OLD_FOREIGN_KEY_CHECKS=@@FOREIGN_KEY_CHECKS, FOREIGN_KEY_CHECKS=0 */;
/*!40101 SET @OLD_SQL_MODE=@@SQL_MODE, SQL_MODE='NO_AUTO_VALUE_ON_ZERO' */;
/*!40111 SET @OLD_SQL_NOTES=@@SQL_NOTES, SQL_NOTES=0 */;


-- Volcando estructura de base de datos para inet
CREATE DATABASE IF NOT EXISTS `inet` /*!40100 DEFAULT CHARACTER SET utf8mb4 COLLATE utf8mb4_0900_ai_ci */ /*!80016 DEFAULT ENCRYPTION='N' */;
USE `inet`;

-- Volcando estructura para tabla inet.addresses
CREATE TABLE IF NOT EXISTS `addresses` (
  `id` bigint unsigned NOT NULL AUTO_INCREMENT,
  `country_id` bigint unsigned DEFAULT NULL,
  `department_id` bigint unsigned DEFAULT NULL,
  `municipality_id` bigint unsigned DEFAULT NULL,
  `reference` varchar(255) COLLATE utf8mb4_unicode_ci NOT NULL,
  `created_at` timestamp NULL DEFAULT NULL,
  `updated_at` timestamp NULL DEFAULT NULL,
  PRIMARY KEY (`id`),
  KEY `addresses_country_id_foreign` (`country_id`),
  KEY `addresses_department_id_foreign` (`department_id`),
  KEY `addresses_municipality_id_foreign` (`municipality_id`),
  CONSTRAINT `addresses_country_id_foreign` FOREIGN KEY (`country_id`) REFERENCES `countries` (`id`) ON DELETE CASCADE,
  CONSTRAINT `addresses_department_id_foreign` FOREIGN KEY (`department_id`) REFERENCES `departments` (`id`) ON DELETE CASCADE,
  CONSTRAINT `addresses_municipality_id_foreign` FOREIGN KEY (`municipality_id`) REFERENCES `municipalities` (`id`) ON DELETE CASCADE
) ENGINE=InnoDB AUTO_INCREMENT=4 DEFAULT CHARSET=utf8mb4 COLLATE=utf8mb4_unicode_ci;

-- Volcando datos para la tabla inet.addresses: ~2 rows (aproximadamente)
DELETE FROM `addresses`;
INSERT INTO `addresses` (`id`, `country_id`, `department_id`, `municipality_id`, `reference`, `created_at`, `updated_at`) VALUES
	(1, 1, 2, 14, 'Sonsonate', '2023-05-19 22:20:18', '2023-05-19 22:20:18'),
	(2, 1, 3, 28, 'Sonsonate', '2023-05-19 22:21:02', '2023-05-19 22:21:02'),
	(3, 1, 1, 3, 'Sonsonate', '2023-05-21 21:11:43', '2023-05-21 21:11:43');

-- Volcando estructura para tabla inet.catdetails
CREATE TABLE IF NOT EXISTS `catdetails` (
  `id` bigint unsigned NOT NULL AUTO_INCREMENT,
  `codecat` varchar(255) COLLATE utf8mb4_unicode_ci NOT NULL,
  `code` varchar(255) COLLATE utf8mb4_unicode_ci NOT NULL,
  `description` varchar(255) COLLATE utf8mb4_unicode_ci DEFAULT NULL,
  `catlist_id` bigint unsigned DEFAULT NULL,
  `created_at` timestamp NULL DEFAULT NULL,
  `updated_at` timestamp NULL DEFAULT NULL,
  PRIMARY KEY (`id`),
  KEY `catdetails_catlist_id_foreign` (`catlist_id`),
  CONSTRAINT `catdetails_catlist_id_foreign` FOREIGN KEY (`catlist_id`) REFERENCES `catlists` (`id`) ON DELETE CASCADE
) ENGINE=InnoDB AUTO_INCREMENT=132 DEFAULT CHARSET=utf8mb4 COLLATE=utf8mb4_unicode_ci;

-- Volcando datos para la tabla inet.catdetails: ~131 rows (aproximadamente)
DELETE FROM `catdetails`;
INSERT INTO `catdetails` (`id`, `codecat`, `code`, `description`, `catlist_id`, `created_at`, `updated_at`) VALUES
	(1, 'CAT-001', '00', 'Modo prueba', 1, '2023-05-19 21:20:57', '2023-05-19 21:20:57'),
	(2, 'CAT-001', '01', 'Modo produccion', 1, '2023-05-19 21:20:57', '2023-05-19 21:20:57'),
	(3, 'CAT-003', '1', 'Modelo Facturacion previo', 3, '2023-05-19 21:20:57', '2023-05-19 21:20:57'),
	(4, 'CAT-003', '2', 'Modelo Facturacion diferido', 3, '2023-05-19 21:20:57', '2023-05-19 21:20:57'),
	(5, 'CAT-004', '1', 'Transmision normal', 4, '2023-05-19 21:20:57', '2023-05-19 21:20:57'),
	(6, 'CAT-004', '1', 'Transmision por contingencia', 4, '2023-05-19 21:20:57', '2023-05-19 21:20:57'),
	(7, 'CAT-005', '1', 'No disponibilidad de sistema del MH', 5, '2023-05-19 21:20:57', '2023-05-19 21:20:57'),
	(8, 'CAT-005', '2', 'No disponibilidad de sistema del emisor', 5, '2023-05-19 21:20:57', '2023-05-19 21:20:57'),
	(9, 'CAT-005', '3', 'Falla en el suministro de servicio de Internet del Emisor', 5, '2023-05-19 21:20:57', '2023-05-19 21:20:57'),
	(10, 'CAT-005', '4', 'Falla en el suministro de servicio de energia eléctrica del emisor que impida la transmisión de los DTE', 5, '2023-05-19 21:20:57', '2023-05-19 21:20:57'),
	(11, 'CAT-005', '5', 'Otro (deberá digitar un máximo de 500 caracteres explicando el motivo)', 5, '2023-05-19 21:20:57', '2023-05-19 21:20:57'),
	(12, 'CAT-006', '22', 'Retención IVA 1%', 6, '2023-05-19 21:20:57', '2023-05-19 21:20:57'),
	(13, 'CAT-006', 'C4', 'Retención IVA 13%', 6, '2023-05-19 21:20:57', '2023-05-19 21:20:57'),
	(14, 'CAT-006', 'C9', 'Otras retenciones IVA casos especiales', 6, '2023-05-19 21:20:57', '2023-05-19 21:20:57'),
	(15, 'CAT-007', '1', 'Físico', 7, '2023-05-19 21:20:57', '2023-05-19 21:20:57'),
	(16, 'CAT-007', '2', 'Electrónico', 7, '2023-05-19 21:20:57', '2023-05-19 21:20:57'),
	(17, 'CAT-009', '01', 'Sucursal / Agencia', 9, '2023-05-19 21:20:57', '2023-05-19 21:20:57'),
	(18, 'CAT-009', '02', 'Casa matriz', 9, '2023-05-19 21:20:57', '2023-05-19 21:20:57'),
	(19, 'CAT-009', '04', 'Bodega', 9, '2023-05-19 21:20:57', '2023-05-19 21:20:57'),
	(20, 'CAT-009', '07', 'Predio y/o patio', 9, '2023-05-19 21:20:57', '2023-05-19 21:20:57'),
	(21, 'CAT-009', '20', 'Otro', 9, '2023-05-19 21:20:57', '2023-05-19 21:20:57'),
	(22, 'CAT-010', '1', 'Cirugía', 10, '2023-05-19 21:20:57', '2023-05-19 21:20:57'),
	(23, 'CAT-010', '2', 'Operación', 10, '2023-05-19 21:20:57', '2023-05-19 21:20:57'),
	(24, 'CAT-010', '3', 'Tratamiento médico', 10, '2023-05-19 21:20:57', '2023-05-19 21:20:57'),
	(25, 'CAT-010', '4', 'Cirugía instituto salvadoreño de Bienestar Magisterial', 10, '2023-05-19 21:20:57', '2023-05-19 21:20:57'),
	(26, 'CAT-010', '5', 'Operación Instituto Salvadoreño de Bienestar Magisterial', 10, '2023-05-19 21:20:57', '2023-05-19 21:20:57'),
	(27, 'CAT-010', '6', 'Tratamiento médico Institulo Salvadoreño de Bienestar Magisterial', 10, '2023-05-19 21:20:57', '2023-05-19 21:20:57'),
	(28, 'CAT-011', '1', 'Bienes', 11, '2023-05-19 21:20:57', '2023-05-19 21:20:57'),
	(29, 'CAT-011', '2', 'Servicios', 11, '2023-05-19 21:20:57', '2023-05-19 21:20:57'),
	(30, 'CAT-011', '3', 'Ambos (Bienes y Servicios, incluye los dos inherente a los Productos o servicios)', 11, '2023-05-19 21:20:57', '2023-05-19 21:20:57'),
	(31, 'CAT-011', '4', 'Otros tributos por ítem', 11, '2023-05-19 21:20:57', '2023-05-19 21:20:57'),
	(32, 'CAT-014', '01', 'Metro', 14, '2023-05-19 21:20:57', '2023-05-19 21:20:57'),
	(33, 'CAT-014', '02', 'Yarda', 14, '2023-05-19 21:20:57', '2023-05-19 21:20:57'),
	(34, 'CAT-014', '03', 'Vara', 14, '2023-05-19 21:20:57', '2023-05-19 21:20:57'),
	(35, 'CAT-014', '04', 'Pie', 14, '2023-05-19 21:20:57', '2023-05-19 21:20:57'),
	(36, 'CAT-014', '05', 'Pulgada', 14, '2023-05-19 21:20:57', '2023-05-19 21:20:57'),
	(37, 'CAT-014', '06', 'Milímetro', 14, '2023-05-19 21:20:57', '2023-05-19 21:20:57'),
	(38, 'CAT-014', '08', 'Milla cuadrada', 14, '2023-05-19 21:20:57', '2023-05-19 21:20:57'),
	(39, 'CAT-014', '09', 'Kilómetro cuadrado', 14, '2023-05-19 21:20:57', '2023-05-19 21:20:57'),
	(40, 'CAT-014', '10', 'Hectárea', 14, '2023-05-19 21:20:57', '2023-05-19 21:20:57'),
	(41, 'CAT-014', '11', 'Manzana', 14, '2023-05-19 21:20:57', '2023-05-19 21:20:57'),
	(42, 'CAT-014', '12', 'Acre', 14, '2023-05-19 21:20:57', '2023-05-19 21:20:57'),
	(43, 'CAT-014', '13', 'Metro cuadrado', 14, '2023-05-19 21:20:57', '2023-05-19 21:20:57'),
	(44, 'CAT-014', '14', 'Yarda cuadrada', 14, '2023-05-19 21:20:57', '2023-05-19 21:20:57'),
	(45, 'CAT-014', '15', 'Vara cuadrada', 14, '2023-05-19 21:20:57', '2023-05-19 21:20:57'),
	(46, 'CAT-014', '16', 'Pie cuadrado', 14, '2023-05-19 21:20:57', '2023-05-19 21:20:57'),
	(47, 'CAT-014', '17', 'Pulgada cuadrada', 14, '2023-05-19 21:20:57', '2023-05-19 21:20:57'),
	(48, 'CAT-014', '18', 'Metro cúbico', 14, '2023-05-19 21:20:57', '2023-05-19 21:20:57'),
	(49, 'CAT-014', '19', 'Yarda cúbica', 14, '2023-05-19 21:20:57', '2023-05-19 21:20:57'),
	(50, 'CAT-014', '20', 'Barril', 14, '2023-05-19 21:20:57', '2023-05-19 21:20:57'),
	(51, 'CAT-014', '21', 'Pie cúbico', 14, '2023-05-19 21:20:57', '2023-05-19 21:20:57'),
	(52, 'CAT-014', '22', 'Galón', 14, '2023-05-19 21:20:57', '2023-05-19 21:20:57'),
	(53, 'CAT-014', '23', 'Litro', 14, '2023-05-19 21:20:57', '2023-05-19 21:20:57'),
	(54, 'CAT-014', '24', 'Botella', 14, '2023-05-19 21:20:57', '2023-05-19 21:20:57'),
	(55, 'CAT-014', '25', 'Pulgada cúbica', 14, '2023-05-19 21:20:57', '2023-05-19 21:20:57'),
	(56, 'CAT-014', '26', 'Mililitro', 14, '2023-05-19 21:20:57', '2023-05-19 21:20:57'),
	(57, 'CAT-014', '27', 'Onza fluida', 14, '2023-05-19 21:20:57', '2023-05-19 21:20:57'),
	(58, 'CAT-014', '29', 'Tonelada métrica', 14, '2023-05-19 21:20:57', '2023-05-19 21:20:57'),
	(59, 'CAT-014', '30', 'Tonelada', 14, '2023-05-19 21:20:57', '2023-05-19 21:20:57'),
	(60, 'CAT-014', '31', 'Quintal métrico', 14, '2023-05-19 21:20:57', '2023-05-19 21:20:57'),
	(61, 'CAT-014', '32', 'Quintal', 14, '2023-05-19 21:20:57', '2023-05-19 21:20:57'),
	(62, 'CAT-014', '33', 'Arroba', 14, '2023-05-19 21:20:57', '2023-05-19 21:20:57'),
	(63, 'CAT-014', '34', 'Kilogramo', 14, '2023-05-19 21:20:57', '2023-05-19 21:20:57'),
	(64, 'CAT-014', '35', 'Libra troy', 14, '2023-05-19 21:20:57', '2023-05-19 21:20:57'),
	(65, 'CAT-014', '36', 'Libra', 14, '2023-05-19 21:20:57', '2023-05-19 21:20:57'),
	(66, 'CAT-014', '37', 'Onza troy', 14, '2023-05-19 21:20:57', '2023-05-19 21:20:57'),
	(67, 'CAT-014', '38', 'Onza', 14, '2023-05-19 21:20:57', '2023-05-19 21:20:57'),
	(68, 'CAT-014', '39', 'Gramo', 14, '2023-05-19 21:20:57', '2023-05-19 21:20:57'),
	(69, 'CAT-014', '40', 'Miligramo', 14, '2023-05-19 21:20:57', '2023-05-19 21:20:57'),
	(70, 'CAT-014', '42', 'Megawatt', 14, '2023-05-19 21:20:57', '2023-05-19 21:20:57'),
	(71, 'CAT-014', '43', 'Kilowatt', 14, '2023-05-19 21:20:57', '2023-05-19 21:20:57'),
	(72, 'CAT-014', '44', 'Watt', 14, '2023-05-19 21:20:57', '2023-05-19 21:20:57'),
	(73, 'CAT-014', '45', 'Megavoltio-amperio', 14, '2023-05-19 21:20:57', '2023-05-19 21:20:57'),
	(74, 'CAT-014', '46', 'Kilovoltio-amperio', 14, '2023-05-19 21:20:57', '2023-05-19 21:20:57'),
	(75, 'CAT-014', '47', 'Voltio-amperio', 14, '2023-05-19 21:20:57', '2023-05-19 21:20:57'),
	(76, 'CAT-014', '49', 'Gigawatt-hora', 14, '2023-05-19 21:20:57', '2023-05-19 21:20:57'),
	(77, 'CAT-014', '50', 'Megawatt-hora', 14, '2023-05-19 21:20:57', '2023-05-19 21:20:57'),
	(78, 'CAT-014', '51', 'Kilowatt-hora', 14, '2023-05-19 21:20:57', '2023-05-19 21:20:57'),
	(79, 'CAT-014', '52', 'Watt-hora', 14, '2023-05-19 21:20:57', '2023-05-19 21:20:57'),
	(80, 'CAT-014', '53', 'Kilovoltio', 14, '2023-05-19 21:20:57', '2023-05-19 21:20:57'),
	(81, 'CAT-014', '54', 'Voltio', 14, '2023-05-19 21:20:57', '2023-05-19 21:20:57'),
	(82, 'CAT-014', '55', 'Millar', 14, '2023-05-19 21:20:57', '2023-05-19 21:20:57'),
	(83, 'CAT-014', '56', 'Medio millar', 14, '2023-05-19 21:20:57', '2023-05-19 21:20:57'),
	(84, 'CAT-014', '57', 'Ciento', 14, '2023-05-19 21:20:57', '2023-05-19 21:20:57'),
	(85, 'CAT-014', '58', 'Docena', 14, '2023-05-19 21:20:57', '2023-05-19 21:20:57'),
	(86, 'CAT-014', '59', 'Unidad', 14, '2023-05-19 21:20:57', '2023-05-19 21:20:57'),
	(87, 'CAT-014', '99', 'Otra', 14, '2023-05-19 21:20:57', '2023-05-19 21:20:57'),
	(88, 'CAT-015', '20', 'Impuesto al Valor Agregado 13%', 12, '2023-05-19 21:20:57', '2023-05-19 21:20:57'),
	(89, 'CAT-015-1', 'C3', 'Impuesto al Valor Agregado (exportaciones) 0%', 12, '2023-05-19 21:20:57', '2023-05-19 21:20:57'),
	(90, 'CAT-015-1', '59', 'Turismo: por alojamiento (5%)', 12, '2023-05-19 21:20:57', '2023-05-19 21:20:57'),
	(91, 'CAT-015-1', '71', 'Turismo: salida del pais por via aerea $7.00', 12, '2023-05-19 21:20:57', '2023-05-19 21:20:57'),
	(92, 'CAT-015-1', 'D1', 'FOVIAL ($0.20 Ctvs. por galon)', 12, '2023-05-19 21:20:57', '2023-05-19 21:20:57'),
	(93, 'CAT-015-1', 'C8', 'CONTRANS ($0.10 Ctvs. por galon)', 12, '2023-05-19 21:20:57', '2023-05-19 21:20:57'),
	(94, 'CAT-015-1', 'D5', 'Otras tasas casos especiales', 12, '2023-05-19 21:20:57', '2023-05-19 21:20:57'),
	(95, 'CAT-015-1', 'D4', 'Otros impuestos casos especiales', 12, '2023-05-19 21:20:57', '2023-05-19 21:20:57'),
	(96, 'CAT-015-2', 'A8', 'Impuesto Especial al Combustible (0%, 0.5%, 1%)', 15, '2023-05-19 21:20:57', '2023-05-19 21:20:57'),
	(97, 'CAT-015-2', '57', 'Impuesto industria de Cemento', 15, '2023-05-19 21:20:57', '2023-05-19 21:20:57'),
	(98, 'CAT-015-2', '90', 'Impuesto especial a la primera matricula', 15, '2023-05-19 21:20:57', '2023-05-19 21:20:57'),
	(99, 'CAT-015', 'D4', 'Otros impuestos casos especiales', 12, '2023-05-19 21:20:57', '2023-05-19 21:20:57'),
	(100, 'CAT-015-2', 'D4', 'Otros Impuestos casos especiales', 15, '2023-05-19 21:20:57', '2023-05-19 21:20:57'),
	(101, 'CAT-015-2', 'D5', 'Otras tasas casos especiales', 15, '2023-05-19 21:20:57', '2023-05-19 21:20:57'),
	(102, 'CAT-015-2', 'A6', 'Impuesto ad-valorem, armas de fuego, municiones explosivas y articulos similares', 15, '2023-05-19 21:20:57', '2023-05-19 21:20:57'),
	(103, 'CAT-015-3', 'C5', 'Impuesto ad-valorem por diferencial de precios de bebidas alcoholicas (8%)', 15, '2023-05-19 21:20:57', '2023-05-19 21:20:57'),
	(104, 'CAT-015-3', 'C6', 'Impuesto ad-valorem por diferencial de precios al tabaco cigarrillos (39%)', 15, '2023-05-19 21:20:57', '2023-05-19 21:20:57'),
	(105, 'CAT-015-3', 'C7', 'Impuesto ad-valorem por diferencial de precios al tabaco cigarros (100%)', 15, '2023-05-19 21:20:57', '2023-05-19 21:20:57'),
	(106, 'CAT-016', '1', 'Contado', 16, '2023-05-19 21:20:57', '2023-05-19 21:20:57'),
	(107, 'CAT-016', '2', 'A credito', 16, '2023-05-19 21:20:57', '2023-05-19 21:20:57'),
	(108, 'CAT-016', '3', 'Otro', 16, '2023-05-19 21:20:57', '2023-05-19 21:20:57'),
	(109, 'CAT-017', '01', 'Billetes y monedas', 17, '2023-05-19 21:20:57', '2023-05-19 21:20:57'),
	(110, 'CAT-017', '02', 'Tarjeta de debito', 17, '2023-05-19 21:20:57', '2023-05-19 21:20:57'),
	(111, 'CAT-017', '03', 'Tarjeta de credito', 17, '2023-05-19 21:20:57', '2023-05-19 21:20:57'),
	(112, 'CAT-017', '04', 'Cheque', 17, '2023-05-19 21:20:57', '2023-05-19 21:20:57'),
	(113, 'CAT-017', '05', 'Transferencia, deposito bancario', 17, '2023-05-19 21:20:57', '2023-05-19 21:20:57'),
	(114, 'CAT-017', '06', 'Vales o cupones', 17, '2023-05-19 21:20:57', '2023-05-19 21:20:57'),
	(115, 'CAT-017', '08', 'Dinero electronico', 17, '2023-05-19 21:20:57', '2023-05-19 21:20:57'),
	(116, 'CAT-017', '09', 'Monedero electronico', 17, '2023-05-19 21:20:57', '2023-05-19 21:20:57'),
	(117, 'CAT-017', '10', 'Certificado o tarjeta de regalo', 17, '2023-05-19 21:20:57', '2023-05-19 21:20:57'),
	(118, 'CAT-017', '11', 'Bitcoin', 17, '2023-05-19 21:20:57', '2023-05-19 21:20:57'),
	(119, 'CAT-017', '12', 'Otras Criptomonedas', 17, '2023-05-19 21:20:57', '2023-05-19 21:20:57'),
	(120, 'CAT-017', '13', 'Cuentas por pagar del receptor', 17, '2023-05-19 21:20:57', '2023-05-19 21:20:57'),
	(121, 'CAT-017', '14', 'Giro bancario', 17, '2023-05-19 21:20:57', '2023-05-19 21:20:57'),
	(122, 'CAT-017', '99', 'Otros (se debe indicar el medio de pago)', 17, '2023-05-19 21:20:57', '2023-05-19 21:20:57'),
	(123, 'CAT-021', '1', 'Emisor', 21, '2023-05-19 21:20:57', '2023-05-19 21:20:57'),
	(124, 'CAT-021', '2', 'Receptor', 21, '2023-05-19 21:20:57', '2023-05-19 21:20:57'),
	(125, 'CAT-021', '3', 'Medico (solo aplica para contribuyentes obligados a la presentacion de F958)', 21, '2023-05-19 21:20:57', '2023-05-19 21:20:57'),
	(126, 'CAT-021', '4', 'Transporte ( solo aplica para Factura de exportacion)', 21, '2023-05-19 21:20:57', '2023-05-19 21:20:57'),
	(127, 'CAT-022', '36', 'NIT', 22, '2023-05-19 21:20:57', '2023-05-19 21:20:57'),
	(128, 'CAT-022', '13', 'DUI', 22, '2023-05-19 21:20:57', '2023-05-19 21:20:57'),
	(129, 'CAT-022', '37', 'Otro', 22, '2023-05-19 21:20:57', '2023-05-19 21:20:57'),
	(130, 'CAT-022', '03', 'Pasaporte', 22, '2023-05-19 21:20:57', '2023-05-19 21:20:57'),
	(131, 'CAT-022', '02', 'Carnet de Residente', 22, '2023-05-19 21:20:57', '2023-05-19 21:20:57');

-- Volcando estructura para tabla inet.catlists
CREATE TABLE IF NOT EXISTS `catlists` (
  `id` bigint unsigned NOT NULL AUTO_INCREMENT,
  `code` varchar(255) COLLATE utf8mb4_unicode_ci NOT NULL,
  `namefield` varchar(255) COLLATE utf8mb4_unicode_ci DEFAULT NULL,
  `description` varchar(255) COLLATE utf8mb4_unicode_ci DEFAULT NULL,
  `created_at` timestamp NULL DEFAULT NULL,
  `updated_at` timestamp NULL DEFAULT NULL,
  PRIMARY KEY (`id`)
) ENGINE=InnoDB AUTO_INCREMENT=32 DEFAULT CHARSET=utf8mb4 COLLATE=utf8mb4_unicode_ci;

-- Volcando datos para la tabla inet.catlists: ~31 rows (aproximadamente)
DELETE FROM `catlists`;
INSERT INTO `catlists` (`id`, `code`, `namefield`, `description`, `created_at`, `updated_at`) VALUES
	(1, 'CAT-001', 'ambiente', 'Ambiente de destino', '2023-05-19 21:20:57', '2023-05-19 21:20:57'),
	(2, 'CAT-002', 'tipoDoc', 'Tipo de Documento', '2023-05-19 21:20:57', '2023-05-19 21:20:57'),
	(3, 'CAT-003', 'tipoModelo', 'Modelo de Facturacion', '2023-05-19 21:20:57', '2023-05-19 21:20:57'),
	(4, 'CAT-004', 'tipoTransmision', 'Tipo de Transmision', '2023-05-19 21:20:57', '2023-05-19 21:20:57'),
	(5, 'CAT-005', 'tipoContingencia', 'Tipo de Contingencia', '2023-05-19 21:20:57', '2023-05-19 21:20:57'),
	(6, 'CAT-006', 'retencionIVA', 'Retención IVA MH', '2023-05-19 21:20:57', '2023-05-19 21:20:57'),
	(7, 'CAT-007', 'tipoGeneracionDocumento', 'Tipo de Generación del Documento', '2023-05-19 21:20:57', '2023-05-19 21:20:57'),
	(8, 'CAT-008', '', 'Eliminado', '2023-05-19 21:20:57', '2023-05-19 21:20:57'),
	(9, 'CAT-009', 'tipoEstablecimiento', 'Tipo de Establecimiento', '2023-05-19 21:20:57', '2023-05-19 21:20:57'),
	(10, 'CAT-010', 'tipoServicioMedido', 'Código tipo de Servicio Médico', '2023-05-19 21:20:57', '2023-05-19 21:20:57'),
	(11, 'CAT-011', 'tipoItem', 'Tipo de ítem', '2023-05-19 21:20:57', '2023-05-19 21:20:57'),
	(12, 'CAT-012', '', 'Departamentos', '2023-05-19 21:20:57', '2023-05-19 21:20:57'),
	(13, 'CAT-013', '', 'Municipios', '2023-05-19 21:20:57', '2023-05-19 21:20:57'),
	(14, 'CAT-014', 'unidadMedida', 'Unidad de Medida', '2023-05-19 21:20:57', '2023-05-19 21:20:57'),
	(15, 'CAT-015', 'codigoTributo', 'Codigos de tributos', '2023-05-19 21:20:57', '2023-05-19 21:20:57'),
	(16, 'CAT-016', 'condicionOperacion', 'Condicion Operacion - Formas de Pago', '2023-05-19 21:20:57', '2023-05-19 21:20:57'),
	(17, 'CAT-017', 'formaPago', 'Formado Pago', '2023-05-19 21:20:57', '2023-05-19 21:20:57'),
	(18, 'CAT-018', '', '', '2023-05-19 21:20:57', '2023-05-19 21:20:57'),
	(19, 'CAT-019', 'codActividadEconomica', 'Actividad Economica - Giros', '2023-05-19 21:20:57', '2023-05-19 21:20:57'),
	(20, 'CAT-020', 'codPais', 'Paises', '2023-05-19 21:20:57', '2023-05-19 21:20:57'),
	(21, 'CAT-021', 'otrosDocumentosAsociados', 'Documentos Asociados - Invalidaciones y referencias', '2023-05-19 21:20:57', '2023-05-19 21:20:57'),
	(22, 'CAT-022', 'tipoDocIdentificacion', 'Tipos de documentos de Indentificacion personal', '2023-05-19 21:20:57', '2023-05-19 21:20:57'),
	(23, 'CAT-023', 'tipoDocContingencia', 'Tipos de documentos fiscales en contingencia', '2023-05-19 21:20:57', '2023-05-19 21:20:57'),
	(24, 'CAT-024', 'tipoInvalidacion', 'Tipos de Invalidaciones - Anulaciones de documentos fiscales', '2023-05-19 21:20:57', '2023-05-19 21:20:57'),
	(25, 'CAT-025', 'tituloRemisionBienes', 'Titulo a que se remiten los bienes', '2023-05-19 21:20:57', '2023-05-19 21:20:57'),
	(26, 'CAT-026', '', '', '2023-05-19 21:20:57', '2023-05-19 21:20:57'),
	(27, 'CAT-027', 'recintoFiscal', 'Recinto Fiscal', '2023-05-19 21:20:57', '2023-05-19 21:20:57'),
	(28, 'CAT-028', 'regimenExportacion', 'Regimen de Exportacion', '2023-05-19 21:20:57', '2023-05-19 21:20:57'),
	(29, 'CAT-029', 'tipoPersoneria', 'Tipo Personeria', '2023-05-19 21:20:57', '2023-05-19 21:20:57'),
	(30, 'CAT-030', 'tipoTransporte', 'Tipo de Transporte', '2023-05-19 21:20:57', '2023-05-19 21:20:57'),
	(31, 'CAT-031', 'codIncoterms', 'Incorterms', '2023-05-19 21:20:57', '2023-05-19 21:20:57');

-- Volcando estructura para tabla inet.clients
CREATE TABLE IF NOT EXISTS `clients` (
  `id` bigint unsigned NOT NULL AUTO_INCREMENT,
  `firstname` varchar(255) COLLATE utf8mb4_unicode_ci DEFAULT NULL,
  `secondname` varchar(255) COLLATE utf8mb4_unicode_ci DEFAULT NULL,
  `firstlastname` varchar(255) COLLATE utf8mb4_unicode_ci DEFAULT NULL,
  `secondlastname` varchar(255) COLLATE utf8mb4_unicode_ci DEFAULT NULL,
  `comercial_name` varchar(255) COLLATE utf8mb4_unicode_ci DEFAULT NULL,
  `email` varchar(255) COLLATE utf8mb4_unicode_ci NOT NULL,
  `ncr` varchar(255) COLLATE utf8mb4_unicode_ci DEFAULT NULL,
  `giro` varchar(255) COLLATE utf8mb4_unicode_ci DEFAULT NULL,
  `nit` varchar(255) COLLATE utf8mb4_unicode_ci DEFAULT NULL,
  `legal` varchar(255) COLLATE utf8mb4_unicode_ci DEFAULT NULL,
  `tpersona` varchar(255) COLLATE utf8mb4_unicode_ci NOT NULL,
  `birthday` date NOT NULL,
  `empresa` varchar(255) COLLATE utf8mb4_unicode_ci DEFAULT NULL,
  `contribuyente` varchar(255) COLLATE utf8mb4_unicode_ci DEFAULT NULL,
  `tipoContribuyente` varchar(255) COLLATE utf8mb4_unicode_ci DEFAULT NULL,
  `company_id` bigint unsigned DEFAULT NULL,
  `economicactivity_id` bigint unsigned DEFAULT '0',
  `phone_id` bigint unsigned DEFAULT NULL,
  `address_id` bigint unsigned DEFAULT NULL,
  `user_id` bigint unsigned DEFAULT NULL,
  `created_at` timestamp NULL DEFAULT NULL,
  `updated_at` timestamp NULL DEFAULT NULL,
  PRIMARY KEY (`id`),
  KEY `clients_company_id_foreign` (`company_id`),
  KEY `clients_economicactivity_id_foreign` (`economicactivity_id`),
  KEY `clients_phone_id_foreign` (`phone_id`),
  KEY `clients_address_id_foreign` (`address_id`),
  KEY `clients_user_id_foreign` (`user_id`),
  CONSTRAINT `clients_address_id_foreign` FOREIGN KEY (`address_id`) REFERENCES `addresses` (`id`) ON DELETE CASCADE,
  CONSTRAINT `clients_company_id_foreign` FOREIGN KEY (`company_id`) REFERENCES `companies` (`id`) ON DELETE CASCADE,
  CONSTRAINT `clients_economicactivity_id_foreign` FOREIGN KEY (`economicactivity_id`) REFERENCES `economicactivities` (`id`) ON DELETE CASCADE,
  CONSTRAINT `clients_phone_id_foreign` FOREIGN KEY (`phone_id`) REFERENCES `phones` (`id`) ON DELETE CASCADE,
  CONSTRAINT `clients_user_id_foreign` FOREIGN KEY (`user_id`) REFERENCES `users` (`id`) ON DELETE CASCADE
) ENGINE=InnoDB AUTO_INCREMENT=2 DEFAULT CHARSET=utf8mb4 COLLATE=utf8mb4_unicode_ci;

-- Volcando datos para la tabla inet.clients: ~0 rows (aproximadamente)
DELETE FROM `clients`;
INSERT INTO `clients` (`id`, `firstname`, `secondname`, `firstlastname`, `secondlastname`, `comercial_name`, `email`, `ncr`, `giro`, `nit`, `legal`, `tpersona`, `birthday`, `empresa`, `contribuyente`, `tipoContribuyente`, `company_id`, `economicactivity_id`, `phone_id`, `address_id`, `user_id`, `created_at`, `updated_at`) VALUES
	(1, 'N/A', 'N/A', 'N/A', 'N/A', 'Mi nombre de empresa', 'briandagoberto20@hotmail.com', '568956-5', 'Giro de prueba', '0614-011194-162-7', 'Brian Ventura', 'J', '2323-05-23', 'home', '0', 'GRA', 1, 10, 3, 3, NULL, '2023-05-21 21:11:43', '2023-05-21 21:11:43');

-- Volcando estructura para tabla inet.companies
CREATE TABLE IF NOT EXISTS `companies` (
  `id` bigint unsigned NOT NULL AUTO_INCREMENT,
  `name` varchar(255) COLLATE utf8mb4_unicode_ci NOT NULL,
  `email` varchar(255) COLLATE utf8mb4_unicode_ci NOT NULL,
  `nit` varchar(255) COLLATE utf8mb4_unicode_ci NOT NULL,
  `ncr` varchar(255) COLLATE utf8mb4_unicode_ci NOT NULL,
  `cuenta_no` varchar(255) COLLATE utf8mb4_unicode_ci NOT NULL,
  `giro` varchar(255) COLLATE utf8mb4_unicode_ci NOT NULL,
  `tipoContribuyente` varchar(255) COLLATE utf8mb4_unicode_ci NOT NULL,
  `tipoEstablecimiento` varchar(255) COLLATE utf8mb4_unicode_ci NOT NULL,
  `logo` varchar(255) COLLATE utf8mb4_unicode_ci NOT NULL,
  `economicactivity_id` bigint unsigned DEFAULT NULL,
  `phone_id` bigint unsigned DEFAULT NULL,
  `address_id` bigint unsigned DEFAULT NULL,
  `user_id` bigint unsigned DEFAULT NULL,
  `created_at` timestamp NULL DEFAULT NULL,
  `updated_at` timestamp NULL DEFAULT NULL,
  PRIMARY KEY (`id`),
  KEY `companies_economicactivity_id_foreign` (`economicactivity_id`),
  KEY `companies_phone_id_foreign` (`phone_id`),
  KEY `companies_address_id_foreign` (`address_id`),
  KEY `companies_user_id_foreign` (`user_id`),
  CONSTRAINT `companies_address_id_foreign` FOREIGN KEY (`address_id`) REFERENCES `addresses` (`id`) ON DELETE CASCADE,
  CONSTRAINT `companies_economicactivity_id_foreign` FOREIGN KEY (`economicactivity_id`) REFERENCES `economicactivities` (`id`) ON DELETE CASCADE,
  CONSTRAINT `companies_phone_id_foreign` FOREIGN KEY (`phone_id`) REFERENCES `phones` (`id`) ON DELETE CASCADE,
  CONSTRAINT `companies_user_id_foreign` FOREIGN KEY (`user_id`) REFERENCES `users` (`id`) ON DELETE CASCADE
) ENGINE=InnoDB AUTO_INCREMENT=2 DEFAULT CHARSET=utf8mb4 COLLATE=utf8mb4_unicode_ci;

-- Volcando datos para la tabla inet.companies: ~0 rows (aproximadamente)
DELETE FROM `companies`;
INSERT INTO `companies` (`id`, `name`, `email`, `nit`, `ncr`, `cuenta_no`, `giro`, `tipoContribuyente`, `tipoEstablecimiento`, `logo`, `economicactivity_id`, `phone_id`, `address_id`, `user_id`, `created_at`, `updated_at`) VALUES
	(1, 'home', 'briandagoberto20@hotmail.com', '0614-011194-162-7', '568956-5', '4212312', 'Assumenda rerum in i', 'GRA', '01', '1684513218_1680015937_logo Vsystem SV small.png', 1, 1, 1, NULL, '2023-05-19 22:20:18', '2023-05-19 22:20:18');

-- Volcando estructura para tabla inet.countries
CREATE TABLE IF NOT EXISTS `countries` (
  `id` bigint unsigned NOT NULL AUTO_INCREMENT,
  `code` varchar(255) COLLATE utf8mb4_unicode_ci DEFAULT NULL,
  `name` varchar(255) COLLATE utf8mb4_unicode_ci NOT NULL,
  `created_at` timestamp NULL DEFAULT NULL,
  `updated_at` timestamp NULL DEFAULT NULL,
  PRIMARY KEY (`id`)
) ENGINE=InnoDB AUTO_INCREMENT=255 DEFAULT CHARSET=utf8mb4 COLLATE=utf8mb4_unicode_ci;

-- Volcando datos para la tabla inet.countries: ~253 rows (aproximadamente)
DELETE FROM `countries`;
INSERT INTO `countries` (`id`, `code`, `name`, `created_at`, `updated_at`) VALUES
	(1, '9300', 'El Salvador', '2023-05-19 21:20:53', '2023-05-19 21:20:53'),
	(2, '9483', 'Guatemala', '2023-05-19 21:20:53', '2023-05-19 21:20:53'),
	(3, '9501', 'Honduras', '2023-05-19 21:20:53', '2023-05-19 21:20:53'),
	(4, '9999', 'No definido en migración', '2023-05-19 21:20:53', '2023-05-19 21:20:53'),
	(5, '9303', 'Afghanistan', '2023-05-19 21:20:53', '2023-05-19 21:20:53'),
	(6, '9306', 'Albania', '2023-05-19 21:20:53', '2023-05-19 21:20:53'),
	(7, '9311', 'Germany', '2023-05-19 21:20:53', '2023-05-19 21:20:53'),
	(8, '9309', 'Western Germany', '2023-05-19 21:20:53', '2023-05-19 21:20:53'),
	(9, '9310', 'Eastern Germany', '2023-05-19 21:20:53', '2023-05-19 21:20:53'),
	(10, '9317', 'Andorra', '2023-05-19 21:20:53', '2023-05-19 21:20:53'),
	(11, '9318', 'Angola', '2023-05-19 21:20:53', '2023-05-19 21:20:53'),
	(12, '9320', 'Anguilla', '2023-05-19 21:20:53', '2023-05-19 21:20:53'),
	(13, NULL, 'Antarctica', '2023-05-19 21:20:53', '2023-05-19 21:20:53'),
	(14, '9319', 'Antigua and Barbuda', '2023-05-19 21:20:53', '2023-05-19 21:20:53'),
	(15, '9324', 'Saudi Arabia', '2023-05-19 21:20:53', '2023-05-19 21:20:53'),
	(16, '9327', 'Algeria', '2023-05-19 21:20:53', '2023-05-19 21:20:53'),
	(17, '9330', 'Argentina', '2023-05-19 21:20:53', '2023-05-19 21:20:53'),
	(18, '9673', 'Armenia', '2023-05-19 21:20:53', '2023-05-19 21:20:53'),
	(19, '9332', 'Aruba', '2023-05-19 21:20:53', '2023-05-19 21:20:53'),
	(20, '9336', 'Australia', '2023-05-19 21:20:53', '2023-05-19 21:20:53'),
	(21, '9336', 'Austria', '2023-05-19 21:20:53', '2023-05-19 21:20:53'),
	(22, '9338', 'Azerbaijan', '2023-05-19 21:20:53', '2023-05-19 21:20:53'),
	(23, '9348', 'Belgium', '2023-05-19 21:20:53', '2023-05-19 21:20:53'),
	(24, '9862', 'Bahamas', '2023-05-19 21:20:53', '2023-05-19 21:20:53'),
	(25, '9342', 'Bahrain', '2023-05-19 21:20:53', '2023-05-19 21:20:53'),
	(26, '9339', 'Bangladesh', '2023-05-19 21:20:53', '2023-05-19 21:20:53'),
	(27, '9345', 'Barbados', '2023-05-19 21:20:53', '2023-05-19 21:20:53'),
	(28, '9349', 'Belize', '2023-05-19 21:20:53', '2023-05-19 21:20:53'),
	(29, '9350', 'Benin', '2023-05-19 21:20:53', '2023-05-19 21:20:53'),
	(30, '9375', 'Bhutan', '2023-05-19 21:20:53', '2023-05-19 21:20:53'),
	(31, '9353', 'Belarus', '2023-05-19 21:20:53', '2023-05-19 21:20:53'),
	(32, '9354', 'Myanmar', '2023-05-19 21:20:53', '2023-05-19 21:20:53'),
	(33, '9357', 'Bolivia', '2023-05-19 21:20:53', '2023-05-19 21:20:53'),
	(34, '9359', 'Bosnia and Herzegovina', '2023-05-19 21:20:53', '2023-05-19 21:20:53'),
	(35, '9360', 'Botswana', '2023-05-19 21:20:53', '2023-05-19 21:20:53'),
	(36, '9363', 'Brazil', '2023-05-19 21:20:53', '2023-05-19 21:20:53'),
	(37, '9366', 'Brunei', '2023-05-19 21:20:53', '2023-05-19 21:20:53'),
	(38, '9369', 'Bulgaria', '2023-05-19 21:20:53', '2023-05-19 21:20:53'),
	(39, '9371', 'Burkina Faso', '2023-05-19 21:20:53', '2023-05-19 21:20:53'),
	(40, '9372', 'Burundi', '2023-05-19 21:20:53', '2023-05-19 21:20:53'),
	(41, '9377', 'Cape Verde', '2023-05-19 21:20:53', '2023-05-19 21:20:53'),
	(42, '9378', 'Cambodia', '2023-05-19 21:20:53', '2023-05-19 21:20:53'),
	(43, '9381', 'Cameroon', '2023-05-19 21:20:53', '2023-05-19 21:20:53'),
	(44, '9384', 'Canada', '2023-05-19 21:20:53', '2023-05-19 21:20:53'),
	(45, '9417', 'Chad', '2023-05-19 21:20:53', '2023-05-19 21:20:53'),
	(47, '9423', 'Chile', '2023-05-19 21:20:53', '2023-05-19 21:20:53'),
	(48, '9426', 'China', '2023-05-19 21:20:53', '2023-05-19 21:20:53'),
	(49, '9432', 'Cyprus', '2023-05-19 21:20:53', '2023-05-19 21:20:53'),
	(50, '9738', 'Vatican', '2023-05-19 21:20:53', '2023-05-19 21:20:53'),
	(51, '9393', 'Colombia', '2023-05-19 21:20:53', '2023-05-19 21:20:53'),
	(52, '9394', 'Comoros', '2023-05-19 21:20:53', '2023-05-19 21:20:53'),
	(53, '9399', 'Republic of the Congo', '2023-05-19 21:20:53', '2023-05-19 21:20:53'),
	(54, '9399', 'Democratic Republic of the Congo', '2023-05-19 21:20:53', '2023-05-19 21:20:53'),
	(55, '9402', 'North Korea', '2023-05-19 21:20:53', '2023-05-19 21:20:53'),
	(56, '9405', 'South Korea', '2023-05-19 21:20:53', '2023-05-19 21:20:53'),
	(57, '9408', 'Ivory Coast', '2023-05-19 21:20:53', '2023-05-19 21:20:53'),
	(58, '9411', 'Costa Rica', '2023-05-19 21:20:53', '2023-05-19 21:20:53'),
	(59, '9641', 'Croatia', '2023-05-19 21:20:53', '2023-05-19 21:20:53'),
	(60, '9414', 'Cuba', '2023-05-19 21:20:53', '2023-05-19 21:20:53'),
	(61, '9415', 'Curaçao', '2023-05-19 21:20:53', '2023-05-19 21:20:53'),
	(62, '9438', 'Denmark', '2023-05-19 21:20:53', '2023-05-19 21:20:53'),
	(63, '9440', 'Dominica', '2023-05-19 21:20:53', '2023-05-19 21:20:53'),
	(64, '9444', 'Ecuador', '2023-05-19 21:20:53', '2023-05-19 21:20:53'),
	(65, '9666', 'Egypt', '2023-05-19 21:20:53', '2023-05-19 21:20:53'),
	(66, '9446', 'United Arab Emirates', '2023-05-19 21:20:53', '2023-05-19 21:20:53'),
	(67, NULL, 'Eritrea', '2023-05-19 21:20:53', '2023-05-19 21:20:53'),
	(68, NULL, 'Slovakia', '2023-05-19 21:20:53', '2023-05-19 21:20:53'),
	(69, NULL, 'Slovenia', '2023-05-19 21:20:53', '2023-05-19 21:20:53'),
	(70, '9447', 'Spain', '2023-05-19 21:20:53', '2023-05-19 21:20:53'),
	(71, '9450', 'United States of America', '2023-05-19 21:20:53', '2023-05-19 21:20:53'),
	(72, '9457', 'Estonia', '2023-05-19 21:20:53', '2023-05-19 21:20:53'),
	(73, '9453', 'Ethiopia', '2023-05-19 21:20:53', '2023-05-19 21:20:53'),
	(74, '9459', 'Philippines', '2023-05-19 21:20:53', '2023-05-19 21:20:53'),
	(75, '9462', 'Finland', '2023-05-19 21:20:53', '2023-05-19 21:20:53'),
	(76, '9456', 'Fiji', '2023-05-19 21:20:53', '2023-05-19 21:20:53'),
	(77, '9465', 'France', '2023-05-19 21:20:53', '2023-05-19 21:20:53'),
	(78, '9468', 'Gabon', '2023-05-19 21:20:53', '2023-05-19 21:20:53'),
	(79, '9471', 'Gambia', '2023-05-19 21:20:53', '2023-05-19 21:20:53'),
	(80, '9472', 'Georgia', '2023-05-19 21:20:53', '2023-05-19 21:20:53'),
	(81, '9474', 'Ghana', '2023-05-19 21:20:53', '2023-05-19 21:20:53'),
	(82, '9477', 'Gibraltar', '2023-05-19 21:20:53', '2023-05-19 21:20:53'),
	(83, '9481', 'Grenada', '2023-05-19 21:20:53', '2023-05-19 21:20:53'),
	(84, '9480', 'Greece', '2023-05-19 21:20:53', '2023-05-19 21:20:53'),
	(85, '9482', 'Greenland', '2023-05-19 21:20:53', '2023-05-19 21:20:53'),
	(86, '9489', 'Guadeloupe', '2023-05-19 21:20:53', '2023-05-19 21:20:53'),
	(87, '9490', 'Guam', '2023-05-19 21:20:53', '2023-05-19 21:20:53'),
	(88, '9491', 'French Guiana', '2023-05-19 21:20:53', '2023-05-19 21:20:53'),
	(89, '9492', 'Guernsey', '2023-05-19 21:20:53', '2023-05-19 21:20:53'),
	(90, '9486', 'Guinea', '2023-05-19 21:20:53', '2023-05-19 21:20:53'),
	(91, '9493', 'Equatorial Guinea', '2023-05-19 21:20:53', '2023-05-19 21:20:53'),
	(92, '9494', 'Guinea-Bissau', '2023-05-19 21:20:53', '2023-05-19 21:20:53'),
	(93, '9487', 'Guyana', '2023-05-19 21:20:53', '2023-05-19 21:20:53'),
	(94, '9495', 'Haiti', '2023-05-19 21:20:53', '2023-05-19 21:20:53'),
	(95, '9504', 'Hong Kong', '2023-05-19 21:20:53', '2023-05-19 21:20:53'),
	(96, '9507', 'Hungary', '2023-05-19 21:20:53', '2023-05-19 21:20:53'),
	(97, '9510', 'India', '2023-05-19 21:20:53', '2023-05-19 21:20:53'),
	(98, '9513', 'Indonesia', '2023-05-19 21:20:53', '2023-05-19 21:20:53'),
	(99, '9519', 'Iran', '2023-05-19 21:20:53', '2023-05-19 21:20:53'),
	(100, '9516', 'Iraq', '2023-05-19 21:20:53', '2023-05-19 21:20:53'),
	(101, '9522', 'Ireland', '2023-05-19 21:20:53', '2023-05-19 21:20:53'),
	(102, NULL, 'Bouvet Island', '2023-05-19 21:20:53', '2023-05-19 21:20:53'),
	(103, '9521', 'Isle of Man', '2023-05-19 21:20:53', '2023-05-19 21:20:53'),
	(104, '9523', 'Christmas Island', '2023-05-19 21:20:53', '2023-05-19 21:20:53'),
	(105, '9623', 'Norfolk', '2023-05-19 21:20:53', '2023-05-19 21:20:53'),
	(106, '9525', 'Iceland', '2023-05-19 21:20:53', '2023-05-19 21:20:53'),
	(107, '9863', 'Bermuda', '2023-05-19 21:20:53', '2023-05-19 21:20:53'),
	(108, '9887', 'Cayman Islands', '2023-05-19 21:20:53', '2023-05-19 21:20:53'),
	(109, '9524', 'Cocos (Keeling) Islands', '2023-05-19 21:20:53', '2023-05-19 21:20:53'),
	(110, '9527', 'Cook Islands', '2023-05-19 21:20:53', '2023-05-19 21:20:53'),
	(111, '9304', 'Åland', '2023-05-19 21:20:53', '2023-05-19 21:20:53'),
	(112, NULL, 'Faroe Islands', '2023-05-19 21:20:53', '2023-05-19 21:20:53'),
	(113, NULL, 'South Georgia and the South Sandwich Islands', '2023-05-19 21:20:53', '2023-05-19 21:20:53'),
	(114, NULL, 'Heard Island and McDonald Islands', '2023-05-19 21:20:53', '2023-05-19 21:20:53'),
	(115, '9577', 'Maldives', '2023-05-19 21:20:53', '2023-05-19 21:20:53'),
	(116, '9533', 'Falkland Islands (Malvinas)', '2023-05-19 21:20:53', '2023-05-19 21:20:53'),
	(117, '9535', 'Northern Mariana Islands', '2023-05-19 21:20:53', '2023-05-19 21:20:53'),
	(118, '9536', 'Marshall Islands', '2023-05-19 21:20:53', '2023-05-19 21:20:53'),
	(119, NULL, 'Pitcairn Islands', '2023-05-19 21:20:53', '2023-05-19 21:20:53'),
	(120, '9526', 'Solomon Islands', '2023-05-19 21:20:53', '2023-05-19 21:20:53'),
	(121, '9539', 'Turks and Caicos Islands', '2023-05-19 21:20:53', '2023-05-19 21:20:53'),
	(122, NULL, 'United States Minor Outlying Islands', '2023-05-19 21:20:53', '2023-05-19 21:20:53'),
	(123, '9897', 'British Virgin Islands', '2023-05-19 21:20:53', '2023-05-19 21:20:53'),
	(124, '9545', 'United States Virgin Islands', '2023-05-19 21:20:53', '2023-05-19 21:20:53'),
	(125, '9528', 'Israel', '2023-05-19 21:20:53', '2023-05-19 21:20:53'),
	(126, '9531', 'Italy', '2023-05-19 21:20:53', '2023-05-19 21:20:53'),
	(127, '9534', 'Jamaica', '2023-05-19 21:20:53', '2023-05-19 21:20:53'),
	(128, '9537', 'Japan', '2023-05-19 21:20:53', '2023-05-19 21:20:53'),
	(129, '9547', 'Jersey', '2023-05-19 21:20:53', '2023-05-19 21:20:53'),
	(130, '9540', 'Jordania', '2023-05-19 21:20:53', '2023-05-19 21:20:53'),
	(131, NULL, 'Kazakhstan', '2023-05-19 21:20:53', '2023-05-19 21:20:53'),
	(132, '9543', 'Kenya', '2023-05-19 21:20:53', '2023-05-19 21:20:53'),
	(133, NULL, 'Kyrgyzstan', '2023-05-19 21:20:53', '2023-05-19 21:20:53'),
	(134, '9544', 'Kiribati', '2023-05-19 21:20:53', '2023-05-19 21:20:53'),
	(135, '9546', 'Kuwait', '2023-05-19 21:20:53', '2023-05-19 21:20:53'),
	(136, '9555', 'Lebanon', '2023-05-19 21:20:53', '2023-05-19 21:20:53'),
	(137, '9549', 'Laos', '2023-05-19 21:20:53', '2023-05-19 21:20:53'),
	(138, '9552', 'Lesotho', '2023-05-19 21:20:53', '2023-05-19 21:20:53'),
	(139, '9551', 'Latvia', '2023-05-19 21:20:53', '2023-05-19 21:20:53'),
	(140, '9555', 'Lebanon', '2023-05-19 21:20:53', '2023-05-19 21:20:53'),
	(141, '9558', 'Liberia', '2023-05-19 21:20:53', '2023-05-19 21:20:53'),
	(142, '9561', 'Libya', '2023-05-19 21:20:53', '2023-05-19 21:20:53'),
	(143, '9564', 'Liechtenstein', '2023-05-19 21:20:53', '2023-05-19 21:20:53'),
	(144, '9565', 'Lithuania', '2023-05-19 21:20:53', '2023-05-19 21:20:53'),
	(145, '9567', 'Luxembourg', '2023-05-19 21:20:53', '2023-05-19 21:20:53'),
	(146, '9600', 'Mexico', '2023-05-19 21:20:53', '2023-05-19 21:20:53'),
	(147, '9603', 'Monaco', '2023-05-19 21:20:53', '2023-05-19 21:20:53'),
	(148, '9568', 'Macao', '2023-05-19 21:20:53', '2023-05-19 21:20:53'),
	(149, '9571', 'Macedonia', '2023-05-19 21:20:53', '2023-05-19 21:20:53'),
	(150, '9570', 'Madagascar', '2023-05-19 21:20:53', '2023-05-19 21:20:53'),
	(151, '9573', 'Malaysia', '2023-05-19 21:20:53', '2023-05-19 21:20:53'),
	(152, '9576', 'Malawi', '2023-05-19 21:20:53', '2023-05-19 21:20:53'),
	(153, '9579', 'Mali', '2023-05-19 21:20:53', '2023-05-19 21:20:53'),
	(154, '9582', 'Malta', '2023-05-19 21:20:53', '2023-05-19 21:20:53'),
	(155, '9585', 'Morocco', '2023-05-19 21:20:53', '2023-05-19 21:20:53'),
	(156, '9865', 'Martinique', '2023-05-19 21:20:53', '2023-05-19 21:20:53'),
	(157, '9594', 'Mauritius', '2023-05-19 21:20:53', '2023-05-19 21:20:53'),
	(158, '9597', 'Mauritania', '2023-05-19 21:20:53', '2023-05-19 21:20:53'),
	(159, '9598', 'Mayotte', '2023-05-19 21:20:53', '2023-05-19 21:20:53'),
	(160, NULL, 'Estados de Federados', '2023-05-19 21:20:53', '2023-05-19 21:20:53'),
	(161, '9602', 'Moldova', '2023-05-19 21:20:53', '2023-05-19 21:20:53'),
	(162, '9606', 'Mongolia', '2023-05-19 21:20:53', '2023-05-19 21:20:53'),
	(163, '9607', 'Montenegro', '2023-05-19 21:20:53', '2023-05-19 21:20:53'),
	(164, '9608', 'Montserrat', '2023-05-19 21:20:53', '2023-05-19 21:20:53'),
	(165, '9609', 'Mozambique', '2023-05-19 21:20:53', '2023-05-19 21:20:53'),
	(166, '9610', 'Namibia', '2023-05-19 21:20:53', '2023-05-19 21:20:53'),
	(167, '9611', 'Nauru', '2023-05-19 21:20:53', '2023-05-19 21:20:53'),
	(168, '9612', 'Nepal', '2023-05-19 21:20:53', '2023-05-19 21:20:53'),
	(169, '9615', 'Nicaragua', '2023-05-19 21:20:53', '2023-05-19 21:20:53'),
	(170, '9618', 'Niger', '2023-05-19 21:20:53', '2023-05-19 21:20:53'),
	(171, '9621', 'Nigeria', '2023-05-19 21:20:53', '2023-05-19 21:20:53'),
	(172, '9622', 'Niue', '2023-05-19 21:20:53', '2023-05-19 21:20:53'),
	(173, '9624', 'Norway', '2023-05-19 21:20:53', '2023-05-19 21:20:53'),
	(174, '9627', 'New Caledonia', '2023-05-19 21:20:53', '2023-05-19 21:20:53'),
	(175, '9633', 'New Zealand', '2023-05-19 21:20:53', '2023-05-19 21:20:53'),
	(176, '9591', 'Oman', '2023-05-19 21:20:53', '2023-05-19 21:20:53'),
	(177, '9498', 'Netherlands', '2023-05-19 21:20:53', '2023-05-19 21:20:53'),
	(178, '9639', 'Pakistan', '2023-05-19 21:20:53', '2023-05-19 21:20:53'),
	(179, '9643', 'Palau', '2023-05-19 21:20:53', '2023-05-19 21:20:53'),
	(180, '9640', 'Palestine', '2023-05-19 21:20:53', '2023-05-19 21:20:53'),
	(181, '9642', 'Panama', '2023-05-19 21:20:53', '2023-05-19 21:20:53'),
	(182, '9638', 'Papua New Guinea', '2023-05-19 21:20:54', '2023-05-19 21:20:54'),
	(183, '9636', 'New Hebrides', '2023-05-19 21:20:54', '2023-05-19 21:20:54'),
	(184, '9645', 'Paraguay', '2023-05-19 21:20:54', '2023-05-19 21:20:54'),
	(185, '9648', 'Peru', '2023-05-19 21:20:54', '2023-05-19 21:20:54'),
	(186, '9652', 'French Polynesia', '2023-05-19 21:20:54', '2023-05-19 21:20:54'),
	(187, '9651', 'Poland', '2023-05-19 21:20:54', '2023-05-19 21:20:54'),
	(188, '9654', 'Portugal', '2023-05-19 21:20:54', '2023-05-19 21:20:54'),
	(189, '9850', 'Puerto Rico', '2023-05-19 21:20:54', '2023-05-19 21:20:54'),
	(190, '9660', 'Qatar', '2023-05-19 21:20:54', '2023-05-19 21:20:54'),
	(191, '9663', 'United Kingdom', '2023-05-19 21:20:54', '2023-05-19 21:20:54'),
	(192, NULL, 'Central African Republic', '2023-05-19 21:20:54', '2023-05-19 21:20:54'),
	(193, '9664', 'Czech Republic', '2023-05-19 21:20:54', '2023-05-19 21:20:54'),
	(194, '9441', 'Dominican Republic', '2023-05-19 21:20:54', '2023-05-19 21:20:54'),
	(195, NULL, 'South Sudan', '2023-05-19 21:20:54', '2023-05-19 21:20:54'),
	(196, '9667', 'Réunion', '2023-05-19 21:20:54', '2023-05-19 21:20:54'),
	(197, '9672', 'Rwanda', '2023-05-19 21:20:54', '2023-05-19 21:20:54'),
	(198, '9675', 'Romania', '2023-05-19 21:20:54', '2023-05-19 21:20:54'),
	(199, '9733', 'Russia', '2023-05-19 21:20:54', '2023-05-19 21:20:54'),
	(200, '9676', 'Western Sahara', '2023-05-19 21:20:54', '2023-05-19 21:20:54'),
	(201, '9678', 'Samoa', '2023-05-19 21:20:54', '2023-05-19 21:20:54'),
	(202, '9685', 'American Samoa', '2023-05-19 21:20:54', '2023-05-19 21:20:54'),
	(203, NULL, 'Saint Barthélemy', '2023-05-19 21:20:54', '2023-05-19 21:20:54'),
	(204, '9679', 'Saint Kitts and Nevis', '2023-05-19 21:20:54', '2023-05-19 21:20:54'),
	(205, '9677', 'San Marino', '2023-05-19 21:20:54', '2023-05-19 21:20:54'),
	(206, NULL, 'Saint Martin (French part)', '2023-05-19 21:20:54', '2023-05-19 21:20:54'),
	(207, '9686', 'Saint Pierre and Miquelon', '2023-05-19 21:20:54', '2023-05-19 21:20:54'),
	(208, NULL, 'Saint Vincent and the Grenadines', '2023-05-19 21:20:54', '2023-05-19 21:20:54'),
	(209, NULL, 'Ascensión y Tristán de Acuña', '2023-05-19 21:20:54', '2023-05-19 21:20:54'),
	(210, '9680', 'Saint Lucia', '2023-05-19 21:20:54', '2023-05-19 21:20:54'),
	(211, NULL, 'Sao Tome and Principe', '2023-05-19 21:20:54', '2023-05-19 21:20:54'),
	(212, '9681', 'Senegal', '2023-05-19 21:20:54', '2023-05-19 21:20:54'),
	(213, '9689', 'Serbia', '2023-05-19 21:20:54', '2023-05-19 21:20:54'),
	(214, '9691', 'Seychelles', '2023-05-19 21:20:54', '2023-05-19 21:20:54'),
	(215, '9684', 'Sierra Leone', '2023-05-19 21:20:54', '2023-05-19 21:20:54'),
	(216, '9687', 'Singapore', '2023-05-19 21:20:54', '2023-05-19 21:20:54'),
	(217, NULL, 'Sint Maarten', '2023-05-19 21:20:54', '2023-05-19 21:20:54'),
	(218, '9690', 'Syria', '2023-05-19 21:20:54', '2023-05-19 21:20:54'),
	(219, '9693', 'Somalia', '2023-05-19 21:20:54', '2023-05-19 21:20:54'),
	(220, '9707', 'Sri Lanka', '2023-05-19 21:20:54', '2023-05-19 21:20:54'),
	(221, '9696', 'South Africa', '2023-05-19 21:20:54', '2023-05-19 21:20:54'),
	(222, '9699', 'Sudan', '2023-05-19 21:20:54', '2023-05-19 21:20:54'),
	(223, '9702', 'Sweden', '2023-05-19 21:20:54', '2023-05-19 21:20:54'),
	(224, '9705', 'Switzerland', '2023-05-19 21:20:54', '2023-05-19 21:20:54'),
	(225, '9706', 'Suriname', '2023-05-19 21:20:54', '2023-05-19 21:20:54'),
	(226, '9692', 'Svalbard and Jan Mayen', '2023-05-19 21:20:54', '2023-05-19 21:20:54'),
	(227, NULL, 'Swaziland', '2023-05-19 21:20:54', '2023-05-19 21:20:54'),
	(228, '9709', 'Tajikistan', '2023-05-19 21:20:54', '2023-05-19 21:20:54'),
	(229, '9711', 'Thailand', '2023-05-19 21:20:54', '2023-05-19 21:20:54'),
	(230, '9899', 'Taiwan', '2023-05-19 21:20:54', '2023-05-19 21:20:54'),
	(231, '9714', 'Tanzania', '2023-05-19 21:20:54', '2023-05-19 21:20:54'),
	(232, '9712', 'British Indian Ocean Territory', '2023-05-19 21:20:54', '2023-05-19 21:20:54'),
	(233, '9713', 'French Southern Territories', '2023-05-19 21:20:54', '2023-05-19 21:20:54'),
	(234, '9716', 'East Timor', '2023-05-19 21:20:54', '2023-05-19 21:20:54'),
	(235, '9717', 'Togo', '2023-05-19 21:20:54', '2023-05-19 21:20:54'),
	(236, '9718', 'Tokelau', '2023-05-19 21:20:54', '2023-05-19 21:20:54'),
	(237, '9722', 'Tonga', '2023-05-19 21:20:54', '2023-05-19 21:20:54'),
	(238, '9720', 'Trinidad and Tobago', '2023-05-19 21:20:54', '2023-05-19 21:20:54'),
	(239, '9723', 'Tunisia', '2023-05-19 21:20:54', '2023-05-19 21:20:54'),
	(240, '9719', 'Turkmenistan', '2023-05-19 21:20:54', '2023-05-19 21:20:54'),
	(241, NULL, 'Turkey', '2023-05-19 21:20:54', '2023-05-19 21:20:54'),
	(242, '9727', 'Tuvalu', '2023-05-19 21:20:54', '2023-05-19 21:20:54'),
	(243, '9736', 'Ukraine', '2023-05-19 21:20:54', '2023-05-19 21:20:54'),
	(244, '9729', 'Uganda', '2023-05-19 21:20:54', '2023-05-19 21:20:54'),
	(245, '9735', 'Uruguay', '2023-05-19 21:20:54', '2023-05-19 21:20:54'),
	(246, '9737', 'Uzbekistan', '2023-05-19 21:20:54', '2023-05-19 21:20:54'),
	(247, '9739', 'Vanuatu', '2023-05-19 21:20:54', '2023-05-19 21:20:54'),
	(248, '9741', 'Venezuela', '2023-05-19 21:20:54', '2023-05-19 21:20:54'),
	(249, '9746', 'Vietnam', '2023-05-19 21:20:54', '2023-05-19 21:20:54'),
	(250, '9452', 'Wallis and Futuna', '2023-05-19 21:20:54', '2023-05-19 21:20:54'),
	(251, '9750', 'Yemen', '2023-05-19 21:20:54', '2023-05-19 21:20:54'),
	(252, '9751', 'Djibouti', '2023-05-19 21:20:54', '2023-05-19 21:20:54'),
	(253, '9759', 'Zambia', '2023-05-19 21:20:54', '2023-05-19 21:20:54'),
	(254, '9760', 'Zimbabwe', '2023-05-19 21:20:54', '2023-05-19 21:20:54');

-- Volcando estructura para tabla inet.departments
CREATE TABLE IF NOT EXISTS `departments` (
  `id` bigint unsigned NOT NULL AUTO_INCREMENT,
  `code` varchar(255) COLLATE utf8mb4_unicode_ci NOT NULL,
  `name` varchar(255) COLLATE utf8mb4_unicode_ci NOT NULL,
  `zone` varchar(255) COLLATE utf8mb4_unicode_ci NOT NULL,
  `country_id` bigint unsigned DEFAULT '1',
  `created_at` timestamp NULL DEFAULT NULL,
  `updated_at` timestamp NULL DEFAULT NULL,
  PRIMARY KEY (`id`),
  KEY `departments_country_id_foreign` (`country_id`),
  CONSTRAINT `departments_country_id_foreign` FOREIGN KEY (`country_id`) REFERENCES `countries` (`id`) ON DELETE CASCADE
) ENGINE=InnoDB AUTO_INCREMENT=15 DEFAULT CHARSET=utf8mb4 COLLATE=utf8mb4_unicode_ci;

-- Volcando datos para la tabla inet.departments: ~14 rows (aproximadamente)
DELETE FROM `departments`;
INSERT INTO `departments` (`id`, `code`, `name`, `zone`, `country_id`, `created_at`, `updated_at`) VALUES
	(1, '1', 'AHUACHAPÁN', 'ZOC', 1, '2023-05-19 21:20:54', '2023-05-19 21:20:54'),
	(2, '2', 'SANTA ANA', 'ZOC', 1, '2023-05-19 21:20:54', '2023-05-19 21:20:54'),
	(3, '3', 'SONSONATE', 'ZOC', 1, '2023-05-19 21:20:54', '2023-05-19 21:20:54'),
	(4, '4', 'CHALATENANGO', 'ZCE', 1, '2023-05-19 21:20:54', '2023-05-19 21:20:54'),
	(5, '5', 'LA LIBERTAD', 'ZCE', 1, '2023-05-19 21:20:54', '2023-05-19 21:20:54'),
	(6, '6', 'SAN SALVADOR', 'ZCE', 1, '2023-05-19 21:20:54', '2023-05-19 21:20:54'),
	(7, '7', 'CUSCATLÁN', 'ZCE', 1, '2023-05-19 21:20:54', '2023-05-19 21:20:54'),
	(8, '8', 'LA PAZ', 'ZCE', 1, '2023-05-19 21:20:54', '2023-05-19 21:20:54'),
	(9, '9', 'CABAÑAS', 'ZCE', 1, '2023-05-19 21:20:54', '2023-05-19 21:20:54'),
	(10, '10', 'SAN VICENTE', 'ZCE', 1, '2023-05-19 21:20:54', '2023-05-19 21:20:54'),
	(11, '11', 'USULUTÁN', 'ZOR', 1, '2023-05-19 21:20:54', '2023-05-19 21:20:54'),
	(12, '12', 'SAN MIGUEL', 'ZOR', 1, '2023-05-19 21:20:54', '2023-05-19 21:20:54'),
	(13, '13', 'MORAZÁN', 'ZOR', 1, '2023-05-19 21:20:54', '2023-05-19 21:20:54'),
	(14, '14', 'LA UNIÓN', 'ZOR', 1, '2023-05-19 21:20:54', '2023-05-19 21:20:54');

-- Volcando estructura para tabla inet.economicactivities
CREATE TABLE IF NOT EXISTS `economicactivities` (
  `id` bigint unsigned NOT NULL AUTO_INCREMENT,
  `code` varchar(255) COLLATE utf8mb4_unicode_ci NOT NULL,
  `name` varchar(255) COLLATE utf8mb4_unicode_ci NOT NULL,
  `country_id` bigint unsigned DEFAULT '1',
  `created_at` timestamp NULL DEFAULT NULL,
  `updated_at` timestamp NULL DEFAULT NULL,
  PRIMARY KEY (`id`),
  KEY `economicactivities_country_id_foreign` (`country_id`),
  CONSTRAINT `economicactivities_country_id_foreign` FOREIGN KEY (`country_id`) REFERENCES `countries` (`id`) ON DELETE CASCADE
) ENGINE=InnoDB AUTO_INCREMENT=774 DEFAULT CHARSET=utf8mb4 COLLATE=utf8mb4_unicode_ci;

-- Volcando datos para la tabla inet.economicactivities: ~772 rows (aproximadamente)
DELETE FROM `economicactivities`;
INSERT INTO `economicactivities` (`id`, `code`, `name`, `country_id`, `created_at`, `updated_at`) VALUES
	(0, '0000', 'SIN CATEOGRIA', 1, '2023-05-19 15:27:08', '2023-05-19 15:27:08'),
	(1, '1111', 'CULTIVO DE CEREALES EXCEPTO ARROZ Y PARA FORRAJES', 1, '2023-05-19 21:20:54', '2023-05-19 21:20:54'),
	(2, '1112', 'CULTIVO DE LEGUMBRES', 1, '2023-05-19 21:20:54', '2023-05-19 21:20:54'),
	(3, '1113', 'CULTIVO DE SEMILLAS OLEAGINOSAS', 1, '2023-05-19 21:20:54', '2023-05-19 21:20:54'),
	(4, '1114', 'CULTIVO DE PLANTAS PARA LA PREPARACIÓN DE SEMILLAS', 1, '2023-05-19 21:20:54', '2023-05-19 21:20:54'),
	(5, '1119', 'CULTIVO DE OTROS CEREALES EXCEPTO ARROZ Y FORRAJEROS N.C.P.', 1, '2023-05-19 21:20:54', '2023-05-19 21:20:54'),
	(6, '1120', 'CULTIVO DE ARROZ', 1, '2023-05-19 21:20:54', '2023-05-19 21:20:54'),
	(7, '1131', 'CULTIVO DE RAÍCES Y TUBÉRCULOS', 1, '2023-05-19 21:20:54', '2023-05-19 21:20:54'),
	(8, '1132', 'CULTIVO DE BROTES, BULBOS, VEGETALES TUBÉRCULOS Y CULTIVOS SIMILARES', 1, '2023-05-19 21:20:54', '2023-05-19 21:20:54'),
	(9, '1133', 'CULTIVO HORTÍCOLA DE FRUTO', 1, '2023-05-19 21:20:54', '2023-05-19 21:20:54'),
	(10, '1134', 'CULTIVO DE HORTALIZAS DE HOJA Y OTRAS HORTALIZAS NCP', 1, '2023-05-19 21:20:54', '2023-05-19 21:20:54'),
	(11, '1140', 'CULTIVO DE CAÑA DE AZÚCAR', 1, '2023-05-19 21:20:54', '2023-05-19 21:20:54'),
	(12, '1150', 'CULTIVO DE TABACO', 1, '2023-05-19 21:20:54', '2023-05-19 21:20:54'),
	(13, '1161', 'CULTIVO DE ALGODÓN', 1, '2023-05-19 21:20:54', '2023-05-19 21:20:54'),
	(14, '1162', 'CULTIVO DE FIBRAS VEGETALES EXCEPTO ALGODÓN', 1, '2023-05-19 21:20:54', '2023-05-19 21:20:54'),
	(15, '1191', 'CULTIVO DE PLANTAS NO PERENNES  PARA LA PRODUCCIÓN DE SEMILLAS Y FLORES', 1, '2023-05-19 21:20:54', '2023-05-19 21:20:54'),
	(16, '1192', 'CULTIVO DE CEREALES Y PASTOS PARA LA ALIMENTACIÓN ANIMAL', 1, '2023-05-19 21:20:54', '2023-05-19 21:20:54'),
	(17, '1199', 'PRODUCCIÓN DE CULTIVOS NO ESTACIONALES  NCP', 1, '2023-05-19 21:20:54', '2023-05-19 21:20:54'),
	(18, '1220', 'CULTIVO DE FRUTAS TROPICALES', 1, '2023-05-19 21:20:54', '2023-05-19 21:20:54'),
	(19, '1230', 'CULTIVO DE CÍTRICOS', 1, '2023-05-19 21:20:54', '2023-05-19 21:20:54'),
	(20, '1240', 'CULTIVO DE FRUTAS DE PEPITA Y HUESO', 1, '2023-05-19 21:20:54', '2023-05-19 21:20:54'),
	(21, '1251', 'CULTIVO DE FRUTAS NCP', 1, '2023-05-19 21:20:54', '2023-05-19 21:20:54'),
	(22, '1252', 'CULTIVO DE OTROS FRUTOS  Y NUECES DE ÁRBOLES Y ARBUSTOS', 1, '2023-05-19 21:20:54', '2023-05-19 21:20:54'),
	(23, '1260', 'CULTIVO DE FRUTOS OLEAGINOSOS', 1, '2023-05-19 21:20:54', '2023-05-19 21:20:54'),
	(24, '1271', 'CULTIVO DE CAFÉ', 1, '2023-05-19 21:20:54', '2023-05-19 21:20:54'),
	(25, '1272', 'CULTIVO DE PLANTAS PARA LA ELABORACIÓN DE BEBIDAS EXCEPTO CAFÉ', 1, '2023-05-19 21:20:54', '2023-05-19 21:20:54'),
	(26, '1281', 'CULTIVO DE ESPECIAS Y AROMÁTICAS', 1, '2023-05-19 21:20:54', '2023-05-19 21:20:54'),
	(27, '1282', 'CULTIVO DE PLANTAS PARA LA OBTENCIÓN DE PRODUCTOS MEDICINALES Y FARMACÉUTICOS', 1, '2023-05-19 21:20:54', '2023-05-19 21:20:54'),
	(28, '1291', 'CULTIVO DE ÁRBOLES DE HULE (CAUCHO) PARA LA OBTENCIÓN DE LÁTEX', 1, '2023-05-19 21:20:54', '2023-05-19 21:20:54'),
	(29, '1292', 'CULTIVO DE PLANTAS PARA LA OBTENCIÓN DE PRODUCTOS QUÍMICOS Y COLORANTES', 1, '2023-05-19 21:20:54', '2023-05-19 21:20:54'),
	(30, '1299', 'PRODUCCIÓN DE CULTIVOS PERENNES NCP', 1, '2023-05-19 21:20:54', '2023-05-19 21:20:54'),
	(31, '1300', 'PROPAGACIÓN DE PLANTAS', 1, '2023-05-19 21:20:54', '2023-05-19 21:20:54'),
	(32, '1301', 'CULTIVO DE PLANTAS Y FLORES ORNAMENTALES', 1, '2023-05-19 21:20:54', '2023-05-19 21:20:54'),
	(33, '1410', 'CRÍA Y ENGORDE DE GANADO BOVINO', 1, '2023-05-19 21:20:54', '2023-05-19 21:20:54'),
	(34, '1420', 'CRÍA DE CABALLOS Y OTROS EQUINOS', 1, '2023-05-19 21:20:54', '2023-05-19 21:20:54'),
	(35, '1440', 'CRÍA DE OVEJAS Y CABRAS', 1, '2023-05-19 21:20:54', '2023-05-19 21:20:54'),
	(36, '1450', 'CRÍA DE CERDOS', 1, '2023-05-19 21:20:54', '2023-05-19 21:20:54'),
	(37, '1460', 'CRÍA DE AVES DE CORRAL Y PRODUCCIÓN DE HUEVOS', 1, '2023-05-19 21:20:54', '2023-05-19 21:20:54'),
	(38, '1491', 'CRÍA DE ABEJAS APICULTURA PARA LA OBTENCIÓN DE MIEL Y OTROS PRODUCTOS APÍCOLAS', 1, '2023-05-19 21:20:54', '2023-05-19 21:20:54'),
	(39, '1492', 'CRÍA DE CONEJOS', 1, '2023-05-19 21:20:54', '2023-05-19 21:20:54'),
	(40, '1493', 'CRÍA DE IGUANAS Y GARROBOS', 1, '2023-05-19 21:20:54', '2023-05-19 21:20:54'),
	(41, '1494', 'CRÍA DE MARIPOSAS Y OTROS INSECTOS', 1, '2023-05-19 21:20:54', '2023-05-19 21:20:54'),
	(42, '1499', 'CRÍA Y OBTENCIÓN DE PRODUCTOS ANIMALES N.C.P.', 1, '2023-05-19 21:20:54', '2023-05-19 21:20:54'),
	(43, '1500', 'CULTIVO DE PRODUCTOS AGRÍCOLAS EN COMBINACIÓN CON LA CRÍA DE ANIMALES', 1, '2023-05-19 21:20:54', '2023-05-19 21:20:54'),
	(44, '1611', 'SERVICIOS DE MAQUINARIA AGRÍCOLA', 1, '2023-05-19 21:20:54', '2023-05-19 21:20:54'),
	(45, '1612', 'CONTROL DE PLAGAS', 1, '2023-05-19 21:20:54', '2023-05-19 21:20:54'),
	(46, '1613', 'SERVICIOS DE RIEGO', 1, '2023-05-19 21:20:54', '2023-05-19 21:20:54'),
	(47, '1614', 'SERVICIOS DE CONTRATACIÓN DE MANO DE OBRA PARA LA AGRICULTURA', 1, '2023-05-19 21:20:54', '2023-05-19 21:20:54'),
	(48, '1619', 'SERVICIOS AGRÍCOLAS NCP', 1, '2023-05-19 21:20:54', '2023-05-19 21:20:54'),
	(49, '1621', 'ACTIVIDADES PARA MEJORAR LA REPRODUCCIÓN, EL CRECIMIENTO Y EL RENDIMIENTO DE LOS ANIMALES Y SUS PROD', 1, '2023-05-19 21:20:54', '2023-05-19 21:20:54'),
	(50, '1622', 'SERVICIOS DE MANO DE OBRA PECUARIA', 1, '2023-05-19 21:20:54', '2023-05-19 21:20:54'),
	(51, '1629', 'SERVICIOS PECUARIOS NCP', 1, '2023-05-19 21:20:54', '2023-05-19 21:20:54'),
	(52, '1631', 'LABORES POST COSECHA DE PREPARACIÓN DE LOS PRODUCTOS AGRÍCOLAS PARA SU COMERCIALIZACIÓN O PARA LA IN', 1, '2023-05-19 21:20:54', '2023-05-19 21:20:54'),
	(53, '1632', 'SERVICIO DE BENEFICIO DE CAFÉ', 1, '2023-05-19 21:20:54', '2023-05-19 21:20:54'),
	(54, '1633', 'SERVICIO DE BENEFICIADO DE PLANTAS TEXTILES (INCLUYE EL BENEFICIADO CUANDO ESTE ES REALIZADO EN LA M', 1, '2023-05-19 21:20:54', '2023-05-19 21:20:54'),
	(55, '1640', 'TRATAMIENTO DE SEMILLAS PARA LA PROPAGACIÓN', 1, '2023-05-19 21:20:54', '2023-05-19 21:20:54'),
	(56, '1700', 'CAZA ORDINARIA Y MEDIANTE TRAMPAS, REPOBLACIÓN DE ANIMALES DE CAZA Y SERVICIOS CONEXOS', 1, '2023-05-19 21:20:54', '2023-05-19 21:20:54'),
	(57, '2100', 'SILVICULTURA Y OTRAS ACTIVIDADES FORESTALES', 1, '2023-05-19 21:20:54', '2023-05-19 21:20:54'),
	(58, '2200', 'EXTRACCIÓN DE MADERA', 1, '2023-05-19 21:20:54', '2023-05-19 21:20:54'),
	(59, '2300', 'RECOLECCIÓN DE PRODUCTOS DIFERENTES A LA MADERA', 1, '2023-05-19 21:20:54', '2023-05-19 21:20:54'),
	(60, '2400', 'SERVICIOS DE APOYO A LA SILVICULTURA', 1, '2023-05-19 21:20:54', '2023-05-19 21:20:54'),
	(61, '3110', 'PESCA MARÍTIMA DE ALTURA Y COSTERA', 1, '2023-05-19 21:20:54', '2023-05-19 21:20:54'),
	(62, '3120', 'PESCA DE AGUA DULCE', 1, '2023-05-19 21:20:54', '2023-05-19 21:20:54'),
	(63, '3210', 'ACUICULTURA MARÍTIMA', 1, '2023-05-19 21:20:54', '2023-05-19 21:20:54'),
	(64, '3220', 'ACUICULTURA DE AGUA DULCE', 1, '2023-05-19 21:20:54', '2023-05-19 21:20:54'),
	(65, '3300', 'SERVICIOS DE APOYO A LA PESCA Y ACUICULTURA', 1, '2023-05-19 21:20:54', '2023-05-19 21:20:54'),
	(66, '5100', 'EXTRACCIÓN DE HULLA', 1, '2023-05-19 21:20:54', '2023-05-19 21:20:54'),
	(67, '5200', 'EXTRACCIÓN Y AGLOMERACIÓN DE LIGNITO', 1, '2023-05-19 21:20:54', '2023-05-19 21:20:54'),
	(68, '6100', 'EXTRACCIÓN DE PETRÓLEO CRUDO', 1, '2023-05-19 21:20:54', '2023-05-19 21:20:54'),
	(69, '6200', 'EXTRACCIÓN DE GAS NATURAL', 1, '2023-05-19 21:20:54', '2023-05-19 21:20:54'),
	(70, '7100', 'EXTRACCIÓN DE MINERALES  DE HIERRO', 1, '2023-05-19 21:20:54', '2023-05-19 21:20:54'),
	(71, '7210', 'EXTRACCIÓN DE MINERALES DE URANIO Y TORIO', 1, '2023-05-19 21:20:54', '2023-05-19 21:20:54'),
	(72, '7290', 'EXTRACCIÓN DE MINERALES METALÍFEROS NO FERROSOS', 1, '2023-05-19 21:20:54', '2023-05-19 21:20:54'),
	(73, '8100', 'EXTRACCIÓN DE PIEDRA, ARENA Y ARCILLA', 1, '2023-05-19 21:20:54', '2023-05-19 21:20:54'),
	(74, '8910', 'EXTRACCIÓN DE MINERALES PARA LA FABRICACIÓN DE ABONOS Y PRODUCTOS QUÍMICOS', 1, '2023-05-19 21:20:54', '2023-05-19 21:20:54'),
	(75, '8920', 'EXTRACCIÓN Y AGLOMERACIÓN DE TURBA', 1, '2023-05-19 21:20:54', '2023-05-19 21:20:54'),
	(76, '8930', 'EXTRACCIÓN DE SAL', 1, '2023-05-19 21:20:54', '2023-05-19 21:20:54'),
	(77, '8990', 'EXPLOTACIÓN DE OTRAS MINAS Y CANTERAS NCP', 1, '2023-05-19 21:20:54', '2023-05-19 21:20:54'),
	(78, '9100', 'ACTIVIDADES DE APOYO A LA EXTRACCIÓN DE PETRÓLEO Y GAS NATURAL', 1, '2023-05-19 21:20:54', '2023-05-19 21:20:54'),
	(79, '9900', 'ACTIVIDADES DE APOYO A LA EXPLOTACIÓN DE MINAS Y CANTERAS', 1, '2023-05-19 21:20:54', '2023-05-19 21:20:54'),
	(80, '10001', 'EMPLEADOS', 1, '2023-05-19 21:20:54', '2023-05-19 21:20:54'),
	(81, '10002', 'JUBILADO', 1, '2023-05-19 21:20:54', '2023-05-19 21:20:54'),
	(82, '10003', 'ESTUDIANTE', 1, '2023-05-19 21:20:54', '2023-05-19 21:20:54'),
	(83, '10004', 'DESEMPLEADO', 1, '2023-05-19 21:20:54', '2023-05-19 21:20:54'),
	(84, '10005', 'OTROS', 1, '2023-05-19 21:20:54', '2023-05-19 21:20:54'),
	(85, '10101', 'SERVICIO DE RASTROS Y MATADEROS DE BOVINOS Y PORCINOS', 1, '2023-05-19 21:20:54', '2023-05-19 21:20:54'),
	(86, '10102', 'MATANZA Y PROCESAMIENTO DE BOVINOS Y PORCINOS', 1, '2023-05-19 21:20:54', '2023-05-19 21:20:54'),
	(87, '10103', 'MATANZA Y PROCESAMIENTOS DE AVES DE CORRAL', 1, '2023-05-19 21:20:54', '2023-05-19 21:20:54'),
	(88, '10104', 'ELABORACIÓN Y CONSERVACIÓN DE EMBUTIDOS Y TRIPAS NATURALES', 1, '2023-05-19 21:20:54', '2023-05-19 21:20:54'),
	(89, '10105', 'SERVICIOS DE CONSERVACIÓN Y EMPAQUE DE CARNES', 1, '2023-05-19 21:20:54', '2023-05-19 21:20:54'),
	(90, '10106', 'ELABORACIÓN Y CONSERVACIÓN DE GRASAS Y ACEITES ANIMALES', 1, '2023-05-19 21:20:54', '2023-05-19 21:20:54'),
	(91, '10107', 'SERVICIOS DE MOLIENDA DE CARNE', 1, '2023-05-19 21:20:54', '2023-05-19 21:20:54'),
	(92, '10108', 'ELABORACIÓN DE PRODUCTOS DE CARNE NCP', 1, '2023-05-19 21:20:54', '2023-05-19 21:20:54'),
	(93, '10201', 'PROCESAMIENTO Y CONSERVACIÓN DE PESCADO, CRUSTÁCEOS Y MOLUSCOS', 1, '2023-05-19 21:20:54', '2023-05-19 21:20:54'),
	(94, '10209', 'FABRICACIÓN DE PRODUCTOS DE PESCADO NCP', 1, '2023-05-19 21:20:54', '2023-05-19 21:20:54'),
	(95, '10301', 'ELABORACIÓN DE JUGOS DE FRUTAS Y HORTALIZAS', 1, '2023-05-19 21:20:54', '2023-05-19 21:20:54'),
	(96, '10302', 'ELABORACIÓN Y ENVASE DE JALEAS, MERMELADAS Y FRUTAS DESHIDRATADAS', 1, '2023-05-19 21:20:54', '2023-05-19 21:20:54'),
	(97, '10309', 'ELABORACIÓN DE PRODUCTOS DE FRUTAS Y HORTALIZAS N.C.P.', 1, '2023-05-19 21:20:54', '2023-05-19 21:20:54'),
	(98, '10401', 'FABRICACIÓN DE ACEITES Y GRASAS VEGETALES Y ANIMALES COMESTIBLES', 1, '2023-05-19 21:20:54', '2023-05-19 21:20:54'),
	(99, '10402', 'FABRICACIÓN DE ACEITES Y GRASAS VEGETALES Y ANIMALES NO COMESTIBLES', 1, '2023-05-19 21:20:54', '2023-05-19 21:20:54'),
	(100, '10409', 'SERVICIO DE MAQUILADO DE ACEITES', 1, '2023-05-19 21:20:54', '2023-05-19 21:20:54'),
	(101, '10501', 'FABRICACIÓN DE PRODUCTOS LÁCTEOS EXCEPTO SORBETES Y QUESOS SUSTITUTOS', 1, '2023-05-19 21:20:54', '2023-05-19 21:20:54'),
	(102, '10502', 'FABRICACIÓN DE SORBETES Y HELADOS', 1, '2023-05-19 21:20:54', '2023-05-19 21:20:54'),
	(103, '10503', 'FABRICACIÓN DE QUESOS', 1, '2023-05-19 21:20:54', '2023-05-19 21:20:54'),
	(104, '10611', 'MOLIENDA DE CEREALES', 1, '2023-05-19 21:20:54', '2023-05-19 21:20:54'),
	(105, '10612', 'ELABORACIÓN DE CEREALES PARA EL DESAYUNO Y SIMILARES', 1, '2023-05-19 21:20:54', '2023-05-19 21:20:54'),
	(106, '10613', 'SERVICIOS DE BENEFICIADO DE PRODUCTOS AGRÍCOLAS NCP (EXCLUYE BENEFICIO DE AZÚCAR RAMA 1072  Y BENEFI', 1, '2023-05-19 21:20:54', '2023-05-19 21:20:54'),
	(107, '10621', 'FABRICACIÓN DE ALMIDÓN', 1, '2023-05-19 21:20:54', '2023-05-19 21:20:54'),
	(108, '10628', 'SERVICIO DE MOLIENDA DE MAÍZ HÚMEDO MOLINO PARA NIXTAMAL', 1, '2023-05-19 21:20:54', '2023-05-19 21:20:54'),
	(109, '10711', 'ELABORACIÓN DE TORTILLAS', 1, '2023-05-19 21:20:54', '2023-05-19 21:20:54'),
	(110, '10712', 'FABRICACIÓN DE PAN, GALLETAS Y BARQUILLOS', 1, '2023-05-19 21:20:54', '2023-05-19 21:20:54'),
	(111, '10713', 'FABRICACIÓN DE REPOSTERÍA', 1, '2023-05-19 21:20:54', '2023-05-19 21:20:54'),
	(112, '10721', 'INGENIOS AZUCAREROS', 1, '2023-05-19 21:20:54', '2023-05-19 21:20:54'),
	(113, '10722', 'MOLIENDA DE CAÑA DE AZÚCAR PARA LA ELABORACIÓN DE DULCES', 1, '2023-05-19 21:20:54', '2023-05-19 21:20:54'),
	(114, '10723', 'ELABORACIÓN DE JARABES DE AZÚCAR Y OTROS SIMILARES', 1, '2023-05-19 21:20:54', '2023-05-19 21:20:54'),
	(115, '10724', 'MAQUILADO DE AZÚCAR DE CAÑA', 1, '2023-05-19 21:20:54', '2023-05-19 21:20:54'),
	(116, '10730', 'FABRICACIÓN DE CACAO, CHOCOLATES Y  PRODUCTOS DE CONFITERÍA', 1, '2023-05-19 21:20:54', '2023-05-19 21:20:54'),
	(117, '10740', 'ELABORACIÓN DE MACARRONES, FIDEOS, Y PRODUCTOS FARINÁCEOS SIMILARES', 1, '2023-05-19 21:20:54', '2023-05-19 21:20:54'),
	(118, '10750', 'ELABORACIÓN DE COMIDAS Y PLATOS PREPARADOS PARA LA REVENTA EN LOCALES Y/O  PARA EXPORTACIÓN', 1, '2023-05-19 21:20:54', '2023-05-19 21:20:54'),
	(119, '10791', 'ELABORACIÓN DE PRODUCTOS DE CAFÉ', 1, '2023-05-19 21:20:54', '2023-05-19 21:20:54'),
	(120, '10792', 'ELABORACIÓN DE ESPECIES, SAZONADORES Y CONDIMENTOS', 1, '2023-05-19 21:20:54', '2023-05-19 21:20:54'),
	(121, '10793', 'ELABORACIÓN DE SOPAS, CREMAS Y CONSOMÉ', 1, '2023-05-19 21:20:55', '2023-05-19 21:20:55'),
	(122, '10794', 'FABRICACIÓN DE BOCADILLOS TOSTADOS Y/O FRITOS', 1, '2023-05-19 21:20:55', '2023-05-19 21:20:55'),
	(123, '10799', 'ELABORACIÓN DE PRODUCTOS ALIMENTICIOS NCP', 1, '2023-05-19 21:20:55', '2023-05-19 21:20:55'),
	(124, '10800', 'ELABORACIÓN DE ALIMENTOS PREPARADOS PARA ANIMALES', 1, '2023-05-19 21:20:55', '2023-05-19 21:20:55'),
	(125, '11012', 'FABRICACIÓN DE AGUARDIENTE Y LICORES', 1, '2023-05-19 21:20:55', '2023-05-19 21:20:55'),
	(126, '11020', 'ELABORACIÓN DE VINOS', 1, '2023-05-19 21:20:55', '2023-05-19 21:20:55'),
	(127, '11030', 'FABRICACIÓN DE CERVEZA', 1, '2023-05-19 21:20:55', '2023-05-19 21:20:55'),
	(128, '11041', 'FABRICACIÓN DE AGUAS GASEOSAS', 1, '2023-05-19 21:20:55', '2023-05-19 21:20:55'),
	(129, '11042', 'FABRICACIÓN Y ENVASADO  DE AGUA', 1, '2023-05-19 21:20:55', '2023-05-19 21:20:55'),
	(130, '11043', 'ELABORACIÓN DE REFRESCOS', 1, '2023-05-19 21:20:55', '2023-05-19 21:20:55'),
	(131, '11048', 'MAQUILADO DE AGUAS GASEOSAS', 1, '2023-05-19 21:20:55', '2023-05-19 21:20:55'),
	(132, '11049', 'ELABORACIÓN DE BEBIDAS NO ALCOHÓLICAS', 1, '2023-05-19 21:20:55', '2023-05-19 21:20:55'),
	(133, '12000', 'ELABORACIÓN DE PRODUCTOS DE TABACO', 1, '2023-05-19 21:20:55', '2023-05-19 21:20:55'),
	(134, '13111', 'PREPARACIÓN DE FIBRAS TEXTILES', 1, '2023-05-19 21:20:55', '2023-05-19 21:20:55'),
	(135, '13112', 'FABRICACIÓN DE HILADOS', 1, '2023-05-19 21:20:55', '2023-05-19 21:20:55'),
	(136, '13120', 'FABRICACIÓN DE TELAS', 1, '2023-05-19 21:20:55', '2023-05-19 21:20:55'),
	(137, '13130', 'ACABADO DE PRODUCTOS TEXTILES', 1, '2023-05-19 21:20:55', '2023-05-19 21:20:55'),
	(138, '13910', 'FABRICACIÓN DE TEJIDOS DE PUNTO Y  GANCHILLO', 1, '2023-05-19 21:20:55', '2023-05-19 21:20:55'),
	(139, '13921', 'FABRICACIÓN DE PRODUCTOS TEXTILES PARA EL HOGAR', 1, '2023-05-19 21:20:55', '2023-05-19 21:20:55'),
	(140, '13922', 'SACOS, BOLSAS Y OTROS ARTÍCULOS TEXTILES', 1, '2023-05-19 21:20:55', '2023-05-19 21:20:55'),
	(141, '13929', 'FABRICACIÓN DE ARTÍCULOS CONFECCIONADOS CON MATERIALES TEXTILES, EXCEPTO PRENDAS DE VESTIR N.C.P', 1, '2023-05-19 21:20:55', '2023-05-19 21:20:55'),
	(142, '13930', 'FABRICACIÓN DE TAPICES Y ALFOMBRAS', 1, '2023-05-19 21:20:55', '2023-05-19 21:20:55'),
	(143, '13941', 'FABRICACIÓN DE CUERDAS DE HENEQUÉN Y OTRAS FIBRAS NATURALES (LAZOS, PITAS)', 1, '2023-05-19 21:20:55', '2023-05-19 21:20:55'),
	(144, '13942', 'FABRICACIÓN DE REDES DE DIVERSOS MATERIALES', 1, '2023-05-19 21:20:55', '2023-05-19 21:20:55'),
	(145, '13948', 'MAQUILADO DE PRODUCTOS TRENZABLES DE CUALQUIER MATERIAL (PETATES, SILLAS, ETC.)', 1, '2023-05-19 21:20:55', '2023-05-19 21:20:55'),
	(146, '13991', 'FABRICACIÓN DE ADORNOS, ETIQUETAS Y OTROS ARTÍCULOS PARA PRENDAS DE VESTIR', 1, '2023-05-19 21:20:55', '2023-05-19 21:20:55'),
	(147, '13992', 'SERVICIO DE BORDADOS EN ARTÍCULOS Y PRENDAS DE TELA', 1, '2023-05-19 21:20:55', '2023-05-19 21:20:55'),
	(148, '13999', 'FABRICACIÓN DE PRODUCTOS TEXTILES NCP', 1, '2023-05-19 21:20:55', '2023-05-19 21:20:55'),
	(149, '14101', 'FABRICACIÓN DE ROPA  INTERIOR, PARA DORMIR Y SIMILARES', 1, '2023-05-19 21:20:55', '2023-05-19 21:20:55'),
	(150, '14102', 'FABRICACIÓN DE ROPA PARA NIÑOS', 1, '2023-05-19 21:20:55', '2023-05-19 21:20:55'),
	(151, '14103', 'FABRICACIÓN DE PRENDAS DE VESTIR PARA AMBOS SEXOS', 1, '2023-05-19 21:20:55', '2023-05-19 21:20:55'),
	(152, '14104', 'CONFECCIÓN DE PRENDAS A MEDIDA', 1, '2023-05-19 21:20:55', '2023-05-19 21:20:55'),
	(153, '14105', 'FABRICACIÓN DE PRENDAS DE VESTIR PARA DEPORTES', 1, '2023-05-19 21:20:55', '2023-05-19 21:20:55'),
	(154, '14106', 'ELABORACIÓN DE ARTESANÍAS DE USO PERSONAL CONFECCIONADAS ESPECIALMENTE DE MATERIALES TEXTILES', 1, '2023-05-19 21:20:55', '2023-05-19 21:20:55'),
	(155, '14108', 'MAQUILADO  DE PRENDAS DE VESTIR, ACCESORIOS Y OTROS', 1, '2023-05-19 21:20:55', '2023-05-19 21:20:55'),
	(156, '14109', 'FABRICACIÓN DE PRENDAS Y ACCESORIOS DE VESTIR N.C.P.', 1, '2023-05-19 21:20:55', '2023-05-19 21:20:55'),
	(157, '14200', 'FABRICACIÓN DE ARTÍCULOS DE PIEL', 1, '2023-05-19 21:20:55', '2023-05-19 21:20:55'),
	(158, '14301', 'FABRICACIÓN DE CALCETINES, CALCETAS, MEDIAS (PANTY HOUSE) Y OTROS SIMILARES', 1, '2023-05-19 21:20:55', '2023-05-19 21:20:55'),
	(159, '14302', 'FABRICACIÓN DE ROPA INTERIOR DE TEJIDO DE PUNTO', 1, '2023-05-19 21:20:55', '2023-05-19 21:20:55'),
	(160, '14309', 'FABRICACIÓN DE PRENDAS DE VESTIR DE TEJIDO DE PUNTO NCP', 1, '2023-05-19 21:20:55', '2023-05-19 21:20:55'),
	(161, '15110', 'CURTIDO Y ADOBO DE CUEROS; ADOBO Y TEÑIDO DE PIELES', 1, '2023-05-19 21:20:55', '2023-05-19 21:20:55'),
	(162, '15121', 'FABRICACIÓN DE MALETAS, BOLSOS DE MANO Y OTROS ARTÍCULOS DE MARROQUINERÍA', 1, '2023-05-19 21:20:55', '2023-05-19 21:20:55'),
	(163, '15122', 'FABRICACIÓN DE MONTURAS, ACCESORIOS Y VAINAS TALABARTERÍA', 1, '2023-05-19 21:20:55', '2023-05-19 21:20:55'),
	(164, '15123', 'FABRICACIÓN DE ARTESANÍAS PRINCIPALMENTE DE CUERO NATURAL Y SINTÉTICO', 1, '2023-05-19 21:20:55', '2023-05-19 21:20:55'),
	(165, '15128', 'MAQUILADO DE ARTÍCULOS DE CUERO NATURAL, SINTÉTICO Y DE OTROS MATERIALES', 1, '2023-05-19 21:20:55', '2023-05-19 21:20:55'),
	(166, '15201', 'FABRICACIÓN DE CALZADO', 1, '2023-05-19 21:20:55', '2023-05-19 21:20:55'),
	(167, '15202', 'FABRICACIÓN DE PARTES Y ACCESORIOS DE CALZADO', 1, '2023-05-19 21:20:55', '2023-05-19 21:20:55'),
	(168, '15208', 'MAQUILADO DE CALZADO Y PARTES DE CALZADO', 1, '2023-05-19 21:20:55', '2023-05-19 21:20:55'),
	(169, '16100', 'ASERRADERO Y ACEPILLADURA DE MADERA', 1, '2023-05-19 21:20:55', '2023-05-19 21:20:55'),
	(170, '16210', 'FABRICACIÓN DE MADERA LAMINADA, TERCIADA, ENCHAPADA Y CONTRACHAPADA, PANELES PARA LA CONSTRUCCIÓN', 1, '2023-05-19 21:20:55', '2023-05-19 21:20:55'),
	(171, '16220', 'FABRICACIÓN DE PARTES Y PIEZAS DE CARPINTERÍA PARA EDIFICIOS Y CONSTRUCCIONES', 1, '2023-05-19 21:20:55', '2023-05-19 21:20:55'),
	(172, '16230', 'FABRICACIÓN DE ENVASES Y RECIPIENTES DE MADERA', 1, '2023-05-19 21:20:55', '2023-05-19 21:20:55'),
	(173, '16292', 'FABRICACIÓN DE ARTESANÍAS DE MADERA, SEMILLAS,  MATERIALES TRENZABLES', 1, '2023-05-19 21:20:55', '2023-05-19 21:20:55'),
	(174, '16299', 'FABRICACIÓN DE PRODUCTOS DE MADERA, CORCHO, PAJA Y MATERIALES TRENZABLES NCP', 1, '2023-05-19 21:20:55', '2023-05-19 21:20:55'),
	(175, '17010', 'FABRICACIÓN DE PASTA DE MADERA, PAPEL Y CARTÓN', 1, '2023-05-19 21:20:55', '2023-05-19 21:20:55'),
	(176, '17020', 'FABRICACIÓN DE PAPEL Y CARTÓN ONDULADO Y ENVASES DE PAPEL Y CARTÓN', 1, '2023-05-19 21:20:55', '2023-05-19 21:20:55'),
	(177, '17091', 'FABRICACIÓN DE ARTÍCULOS DE PAPEL Y CARTÓN DE USO PERSONAL Y DOMÉSTICO', 1, '2023-05-19 21:20:55', '2023-05-19 21:20:55'),
	(178, '17092', 'FABRICACIÓN DE PRODUCTOS DE PAPEL NCP', 1, '2023-05-19 21:20:55', '2023-05-19 21:20:55'),
	(179, '18110', 'IMPRESIÓN', 1, '2023-05-19 21:20:55', '2023-05-19 21:20:55'),
	(180, '18120', 'SERVICIOS RELACIONADOS CON LA IMPRESIÓN', 1, '2023-05-19 21:20:55', '2023-05-19 21:20:55'),
	(181, '18200', 'REPRODUCCIÓN DE GRABACIONES', 1, '2023-05-19 21:20:55', '2023-05-19 21:20:55'),
	(182, '19100', 'FABRICACIÓN DE PRODUCTOS DE HORNOS DE COQUE', 1, '2023-05-19 21:20:55', '2023-05-19 21:20:55'),
	(183, '19201', 'FABRICACIÓN DE COMBUSTIBLE', 1, '2023-05-19 21:20:55', '2023-05-19 21:20:55'),
	(184, '19202', 'FABRICACIÓN DE ACEITES Y LUBRICANTES', 1, '2023-05-19 21:20:55', '2023-05-19 21:20:55'),
	(185, '20111', 'FABRICACIÓN DE MATERIAS PRIMAS PARA LA FABRICACIÓN DE COLORANTES', 1, '2023-05-19 21:20:55', '2023-05-19 21:20:55'),
	(186, '20112', 'FABRICACIÓN DE MATERIALES CURTIENTES', 1, '2023-05-19 21:20:55', '2023-05-19 21:20:55'),
	(187, '20113', 'FABRICACIÓN DE GASES INDUSTRIALES', 1, '2023-05-19 21:20:55', '2023-05-19 21:20:55'),
	(188, '20114', 'FABRICACIÓN DE ALCOHOL ETÍLICO', 1, '2023-05-19 21:20:55', '2023-05-19 21:20:55'),
	(189, '20119', 'FABRICACIÓN DE SUSTANCIAS QUÍMICAS BÁSICAS', 1, '2023-05-19 21:20:55', '2023-05-19 21:20:55'),
	(190, '20120', 'FABRICACIÓN DE ABONOS Y FERTILIZANTES', 1, '2023-05-19 21:20:55', '2023-05-19 21:20:55'),
	(191, '20130', 'FABRICACIÓN DE PLÁSTICO Y CAUCHO EN FORMAS PRIMARIAS', 1, '2023-05-19 21:20:55', '2023-05-19 21:20:55'),
	(192, '20210', 'FABRICACIÓN DE PLAGUICIDAS Y OTROS PRODUCTOS QUÍMICOS DE USO AGROPECUARIO', 1, '2023-05-19 21:20:55', '2023-05-19 21:20:55'),
	(193, '20220', 'FABRICACIÓN DE PINTURAS, BARNICES Y PRODUCTOS DE REVESTIMIENTO SIMILARES; TINTAS DE IMPRENTA Y MASIL', 1, '2023-05-19 21:20:55', '2023-05-19 21:20:55'),
	(194, '20231', 'FABRICACIÓN DE JABONES, DETERGENTES Y SIMILARES PARA LIMPIEZA', 1, '2023-05-19 21:20:55', '2023-05-19 21:20:55'),
	(195, '20232', 'FABRICACIÓN DE PERFUMES, COSMÉTICOS Y PRODUCTOS DE HIGIENE Y CUIDADO PERSONAL, INCLUYENDO TINTES, CH', 1, '2023-05-19 21:20:55', '2023-05-19 21:20:55'),
	(196, '20291', 'FABRICACIÓN DE TINTAS Y COLORES PARA ESCRIBIR Y PINTAR; FABRICACIÓN DE CINTAS PARA IMPRESORAS', 1, '2023-05-19 21:20:55', '2023-05-19 21:20:55'),
	(197, '20292', 'FABRICACIÓN DE PRODUCTOS PIROTÉCNICOS, EXPLOSIVOS Y MUNICIONES', 1, '2023-05-19 21:20:55', '2023-05-19 21:20:55'),
	(198, '20299', 'FABRICACIÓN DE PRODUCTOS QUÍMICOS N.C.P.', 1, '2023-05-19 21:20:55', '2023-05-19 21:20:55'),
	(199, '20300', 'FABRICACIÓN DE FIBRAS ARTIFICIALES', 1, '2023-05-19 21:20:55', '2023-05-19 21:20:55'),
	(200, '21001', 'MANUFACTURA DE PRODUCTOS FARMACÉUTICOS, SUSTANCIAS QUÍMICAS Y PRODUCTOS BOTÁNICOS', 1, '2023-05-19 21:20:55', '2023-05-19 21:20:55'),
	(201, '21008', 'MAQUILADO DE MEDICAMENTOS', 1, '2023-05-19 21:20:55', '2023-05-19 21:20:55'),
	(202, '22110', 'FABRICACIÓN DE CUBIERTAS Y CÁMARAS; RENOVACIÓN Y RECAUCHUTADO DE CUBIERTAS', 1, '2023-05-19 21:20:55', '2023-05-19 21:20:55'),
	(203, '22190', 'FABRICACIÓN DE OTROS PRODUCTOS DE CAUCHO', 1, '2023-05-19 21:20:55', '2023-05-19 21:20:55'),
	(204, '22201', 'FABRICACIÓN DE ENVASES PLÁSTICOS', 1, '2023-05-19 21:20:55', '2023-05-19 21:20:55'),
	(205, '22202', 'FABRICACIÓN DE PRODUCTOS PLÁSTICOS PARA USO PERSONAL O DOMÉSTICO', 1, '2023-05-19 21:20:55', '2023-05-19 21:20:55'),
	(206, '22208', 'MAQUILA DE PLÁSTICOS', 1, '2023-05-19 21:20:55', '2023-05-19 21:20:55'),
	(207, '22209', 'FABRICACIÓN DE PRODUCTOS PLÁSTICOS N.C.P.', 1, '2023-05-19 21:20:55', '2023-05-19 21:20:55'),
	(208, '23101', 'FABRICACIÓN DE VIDRIO', 1, '2023-05-19 21:20:55', '2023-05-19 21:20:55'),
	(209, '23102', 'FABRICACIÓN DE RECIPIENTES Y ENVASES DE VIDRIO', 1, '2023-05-19 21:20:55', '2023-05-19 21:20:55'),
	(210, '23108', 'SERVICIO DE MAQUILADO', 1, '2023-05-19 21:20:55', '2023-05-19 21:20:55'),
	(211, '23109', 'FABRICACIÓN DE PRODUCTOS DE VIDRIO NCP', 1, '2023-05-19 21:20:55', '2023-05-19 21:20:55'),
	(212, '23910', 'FABRICACIÓN DE PRODUCTOS REFRACTARIOS', 1, '2023-05-19 21:20:55', '2023-05-19 21:20:55'),
	(213, '23920', 'FABRICACIÓN DE PRODUCTOS DE ARCILLA PARA LA CONSTRUCCIÓN', 1, '2023-05-19 21:20:55', '2023-05-19 21:20:55'),
	(214, '23931', 'FABRICACIÓN DE PRODUCTOS DE CERÁMICA Y PORCELANA NO REFRACTARIA', 1, '2023-05-19 21:20:55', '2023-05-19 21:20:55'),
	(215, '23932', 'FABRICACIÓN DE PRODUCTOS DE CERÁMICA Y PORCELANA NCP', 1, '2023-05-19 21:20:55', '2023-05-19 21:20:55'),
	(216, '23940', 'FABRICACIÓN DE CEMENTO, CAL Y YESO', 1, '2023-05-19 21:20:55', '2023-05-19 21:20:55'),
	(217, '23950', 'FABRICACIÓN DE ARTÍCULOS DE HORMIGÓN, CEMENTO Y YESO', 1, '2023-05-19 21:20:55', '2023-05-19 21:20:55'),
	(218, '23960', 'CORTE, TALLADO Y ACABADO DE LA PIEDRA', 1, '2023-05-19 21:20:55', '2023-05-19 21:20:55'),
	(219, '23990', 'FABRICACIÓN DE PRODUCTOS MINERALES NO METÁLICOS NCP', 1, '2023-05-19 21:20:55', '2023-05-19 21:20:55'),
	(220, '24100', 'INDUSTRIAS BÁSICAS DE HIERRO Y ACERO', 1, '2023-05-19 21:20:55', '2023-05-19 21:20:55'),
	(221, '24200', 'FABRICACIÓN DE PRODUCTOS PRIMARIOS DE METALES PRECIOSOS Y METALES NO FERROSOS', 1, '2023-05-19 21:20:55', '2023-05-19 21:20:55'),
	(222, '24310', 'FUNDICIÓN DE HIERRO Y ACERO', 1, '2023-05-19 21:20:55', '2023-05-19 21:20:55'),
	(223, '24320', 'FUNDICIÓN DE METALES NO FERROSOS', 1, '2023-05-19 21:20:55', '2023-05-19 21:20:55'),
	(224, '25111', 'FABRICACIÓN DE PRODUCTOS METÁLICOS PARA USO ESTRUCTURAL', 1, '2023-05-19 21:20:55', '2023-05-19 21:20:55'),
	(225, '25118', 'SERVICIO DE MAQUILA PARA LA FABRICACIÓN DE ESTRUCTURAS METÁLICAS', 1, '2023-05-19 21:20:55', '2023-05-19 21:20:55'),
	(226, '25120', 'FABRICACIÓN DE TANQUES, DEPÓSITOS Y RECIPIENTES DE METAL', 1, '2023-05-19 21:20:55', '2023-05-19 21:20:55'),
	(227, '25130', 'FABRICACIÓN DE GENERADORES DE VAPOR, EXCEPTO CALDERAS DE AGUA CALIENTE  PARA CALEFACCIÓN CENTRAL', 1, '2023-05-19 21:20:55', '2023-05-19 21:20:55'),
	(228, '25200', 'FABRICACIÓN DE ARMAS Y MUNICIONES', 1, '2023-05-19 21:20:55', '2023-05-19 21:20:55'),
	(229, '25910', 'FORJADO, PRENSADO, ESTAMPADO Y LAMINADO DE METALES; PULVIMETALURGIA', 1, '2023-05-19 21:20:55', '2023-05-19 21:20:55'),
	(230, '25920', 'TRATAMIENTO Y REVESTIMIENTO DE METALES', 1, '2023-05-19 21:20:55', '2023-05-19 21:20:55'),
	(231, '25930', 'FABRICACIÓN DE ARTÍCULOS DE CUCHILLERÍA, HERRAMIENTAS DE MANO Y ARTÍCULOS DE FERRETERÍA', 1, '2023-05-19 21:20:55', '2023-05-19 21:20:55'),
	(232, '25991', 'FABRICACIÓN DE ENVASES Y ARTÍCULOS CONEXOS DE METAL', 1, '2023-05-19 21:20:55', '2023-05-19 21:20:55'),
	(233, '25992', 'FABRICACIÓN DE ARTÍCULOS METÁLICOS DE USO PERSONAL Y/O DOMÉSTICO', 1, '2023-05-19 21:20:55', '2023-05-19 21:20:55'),
	(234, '25999', 'FABRICACIÓN DE PRODUCTOS ELABORADOS DE METAL NCP', 1, '2023-05-19 21:20:55', '2023-05-19 21:20:55'),
	(235, '26100', 'FABRICACIÓN DE COMPONENTES ELECTRÓNICOS', 1, '2023-05-19 21:20:55', '2023-05-19 21:20:55'),
	(236, '26200', 'FABRICACIÓN DE COMPUTADORAS Y EQUIPO CONEXO', 1, '2023-05-19 21:20:55', '2023-05-19 21:20:55'),
	(237, '26300', 'FABRICACIÓN DE EQUIPO DE COMUNICACIONES', 1, '2023-05-19 21:20:55', '2023-05-19 21:20:55'),
	(238, '26400', 'FABRICACIÓN DE APARATOS  ELECTRÓNICOS DE CONSUMO PARA AUDIO, VIDEO RADIO Y TELEVISIÓN', 1, '2023-05-19 21:20:55', '2023-05-19 21:20:55'),
	(239, '26510', 'FABRICACIÓN DE INSTRUMENTOS Y APARATOS PARA MEDIR, VERIFICAR, ENSAYAR, NAVEGAR Y DE CONTROL DE PROCE', 1, '2023-05-19 21:20:55', '2023-05-19 21:20:55'),
	(240, '26520', 'FABRICACIÓN DE RELOJES Y PIEZAS DE RELOJES', 1, '2023-05-19 21:20:55', '2023-05-19 21:20:55'),
	(241, '26600', 'FABRICACIÓN DE EQUIPO MÉDICO DE IRRADIACIÓN Y EQUIPO ELECTRÓNICO DE USO MÉDICO Y TERAPÉUTICO', 1, '2023-05-19 21:20:55', '2023-05-19 21:20:55'),
	(242, '26700', 'FABRICACIÓN DE INSTRUMENTOS DE ÓPTICA Y EQUIPO FOTOGRÁFICO', 1, '2023-05-19 21:20:55', '2023-05-19 21:20:55'),
	(243, '26800', 'FABRICACIÓN DE MEDIOS MAGNÉTICOS Y ÓPTICOS', 1, '2023-05-19 21:20:55', '2023-05-19 21:20:55'),
	(244, '27100', 'FABRICACIÓN DE MOTORES, GENERADORES , TRANSFORMADORES ELÉCTRICOS, APARATOS DE DISTRIBUCIÓN Y CONTROL', 1, '2023-05-19 21:20:55', '2023-05-19 21:20:55'),
	(245, '27200', 'FABRICACIÓN DE PILAS, BATERÍAS Y ACUMULADORES', 1, '2023-05-19 21:20:55', '2023-05-19 21:20:55'),
	(246, '27310', 'FABRICACIÓN DE CABLES DE FIBRA ÓPTICA', 1, '2023-05-19 21:20:55', '2023-05-19 21:20:55'),
	(247, '27320', 'FABRICACIÓN DE OTROS  HILOS Y CABLES ELÉCTRICOS', 1, '2023-05-19 21:20:55', '2023-05-19 21:20:55'),
	(248, '27330', 'FABRICACIÓN DE DISPOSITIVOS DE CABLEADOS', 1, '2023-05-19 21:20:55', '2023-05-19 21:20:55'),
	(249, '27400', 'FABRICACIÓN DE EQUIPO ELÉCTRICO DE ILUMINACIÓN', 1, '2023-05-19 21:20:55', '2023-05-19 21:20:55'),
	(250, '27500', 'FABRICACIÓN DE APARATOS DE USO DOMÉSTICO', 1, '2023-05-19 21:20:55', '2023-05-19 21:20:55'),
	(251, '27900', 'FABRICACIÓN DE OTROS TIPOS DE EQUIPO ELÉCTRICO', 1, '2023-05-19 21:20:55', '2023-05-19 21:20:55'),
	(252, '28110', 'FABRICACIÓN DE MOTORES Y TURBINAS, EXCEPTO MOTORES PARA AERONAVES, VEHÍCULOS AUTOMOTORES Y MOTOCICLE', 1, '2023-05-19 21:20:55', '2023-05-19 21:20:55'),
	(253, '28120', 'FABRICACIÓN DE EQUIPO HIDRÁULICO', 1, '2023-05-19 21:20:55', '2023-05-19 21:20:55'),
	(254, '28130', 'FABRICACIÓN DE OTRAS BOMBAS, COMPRESORES, GRIFOS Y VÁLVULAS', 1, '2023-05-19 21:20:55', '2023-05-19 21:20:55'),
	(255, '28140', 'FABRICACIÓN DE COJINETES, ENGRANAJES, TRENES DE ENGRANAJES Y PIEZAS DE TRANSMISIÓN', 1, '2023-05-19 21:20:55', '2023-05-19 21:20:55'),
	(256, '28150', 'FABRICACIÓN DE HORNOS Y QUEMADORES', 1, '2023-05-19 21:20:55', '2023-05-19 21:20:55'),
	(257, '28160', 'FABRICACIÓN DE EQUIPO DE ELEVACIÓN Y MANIPULACIÓN', 1, '2023-05-19 21:20:55', '2023-05-19 21:20:55'),
	(258, '28170', 'FABRICACIÓN DE MAQUINARIA Y EQUIPO DE OFICINA', 1, '2023-05-19 21:20:55', '2023-05-19 21:20:55'),
	(259, '28180', 'FABRICACIÓN DE HERRAMIENTAS MANUALES', 1, '2023-05-19 21:20:55', '2023-05-19 21:20:55'),
	(260, '28190', 'FABRICACIÓN DE OTROS TIPOS DE MAQUINARIA DE USO GENERAL', 1, '2023-05-19 21:20:55', '2023-05-19 21:20:55'),
	(261, '28210', 'FABRICACIÓN DE MAQUINARIA AGROPECUARIA Y FORESTAL', 1, '2023-05-19 21:20:55', '2023-05-19 21:20:55'),
	(262, '28220', 'FABRICACIÓN DE MÁQUINAS PARA CONFORMAR METALES Y MAQUINARIA HERRAMIENTA', 1, '2023-05-19 21:20:55', '2023-05-19 21:20:55'),
	(263, '28230', 'FABRICACIÓN DE MAQUINARIA METALÚRGICA', 1, '2023-05-19 21:20:55', '2023-05-19 21:20:55'),
	(264, '28240', 'FABRICACIÓN DE MAQUINARIA PARA LA EXPLOTACIÓN DE MINAS Y CANTERAS Y PARA OBRAS DE CONSTRUCCIÓN', 1, '2023-05-19 21:20:55', '2023-05-19 21:20:55'),
	(265, '28250', 'FABRICACIÓN DE MAQUINARIA PARA LA ELABORACIÓN DE ALIMENTOS, BEBIDAS Y TABACO', 1, '2023-05-19 21:20:55', '2023-05-19 21:20:55'),
	(266, '28260', 'FABRICACIÓN DE MAQUINARIA PARA LA ELABORACIÓN DE PRODUCTOS TEXTILES, PRENDAS DE VESTIR Y CUEROS', 1, '2023-05-19 21:20:55', '2023-05-19 21:20:55'),
	(267, '28291', 'FABRICACIÓN DE MÁQUINAS PARA IMPRENTA', 1, '2023-05-19 21:20:55', '2023-05-19 21:20:55'),
	(268, '28299', 'FABRICACIÓN DE MAQUINARIA DE USO ESPECIAL NCP', 1, '2023-05-19 21:20:55', '2023-05-19 21:20:55'),
	(269, '29100', 'FABRICACIÓN VEHÍCULOS AUTOMOTORES', 1, '2023-05-19 21:20:55', '2023-05-19 21:20:55'),
	(270, '29200', 'FABRICACIÓN DE CARROCERÍAS PARA VEHÍCULOS AUTOMOTORES; FABRICACIÓN DE REMOLQUES Y SEMIREMOLQUES', 1, '2023-05-19 21:20:55', '2023-05-19 21:20:55'),
	(271, '29300', 'FABRICACIÓN DE PARTES, PIEZAS Y ACCESORIOS PARA VEHÍCULOS AUTOMOTORES', 1, '2023-05-19 21:20:55', '2023-05-19 21:20:55'),
	(272, '30110', 'FABRICACIÓN DE BUQUES', 1, '2023-05-19 21:20:55', '2023-05-19 21:20:55'),
	(273, '30120', 'CONSTRUCCIÓN Y REPARACIÓN DE EMBARCACIONES DE RECREO', 1, '2023-05-19 21:20:55', '2023-05-19 21:20:55'),
	(274, '30200', 'FABRICACIÓN DE LOCOMOTORAS Y DE MATERIAL RODANTE', 1, '2023-05-19 21:20:55', '2023-05-19 21:20:55'),
	(275, '30300', 'FABRICACIÓN DE AERONAVES Y NAVES ESPACIALES', 1, '2023-05-19 21:20:55', '2023-05-19 21:20:55'),
	(276, '30400', 'FABRICACIÓN DE VEHÍCULOS MILITARES DE COMBATE', 1, '2023-05-19 21:20:55', '2023-05-19 21:20:55'),
	(277, '30910', 'FABRICACIÓN DE MOTOCICLETAS', 1, '2023-05-19 21:20:55', '2023-05-19 21:20:55'),
	(278, '30920', 'FABRICACIÓN DE BICICLETAS Y SILLONES DE RUEDAS PARA INVÁLIDOS', 1, '2023-05-19 21:20:55', '2023-05-19 21:20:55'),
	(279, '30990', 'FABRICACIÓN DE EQUIPO DE TRANSPORTE NCP', 1, '2023-05-19 21:20:55', '2023-05-19 21:20:55'),
	(280, '31001', 'FABRICACIÓN DE COLCHONES Y SOMIER', 1, '2023-05-19 21:20:55', '2023-05-19 21:20:55'),
	(281, '31002', 'FABRICACIÓN DE MUEBLES Y OTROS PRODUCTOS DE MADERA A MEDIDA', 1, '2023-05-19 21:20:55', '2023-05-19 21:20:55'),
	(282, '31008', 'SERVICIOS DE MAQUILADO DE MUEBLES', 1, '2023-05-19 21:20:55', '2023-05-19 21:20:55'),
	(283, '31009', 'FABRICACIÓN DE MUEBLES NCP', 1, '2023-05-19 21:20:55', '2023-05-19 21:20:55'),
	(284, '32110', 'FABRICACIÓN DE JOYAS PLATERÍAS Y JOYERÍAS', 1, '2023-05-19 21:20:55', '2023-05-19 21:20:55'),
	(285, '32120', 'FABRICACIÓN DE JOYAS DE IMITACIÓN (FANTASÍA) Y ARTÍCULOS CONEXOS', 1, '2023-05-19 21:20:55', '2023-05-19 21:20:55'),
	(286, '32200', 'FABRICACIÓN DE INSTRUMENTOS MUSICALES', 1, '2023-05-19 21:20:55', '2023-05-19 21:20:55'),
	(287, '32301', 'FABRICACIÓN DE ARTÍCULOS DE DEPORTE', 1, '2023-05-19 21:20:55', '2023-05-19 21:20:55'),
	(288, '32308', 'SERVICIO DE MAQUILA DE PRODUCTOS DEPORTIVOS', 1, '2023-05-19 21:20:55', '2023-05-19 21:20:55'),
	(289, '32401', 'FABRICACIÓN DE JUEGOS DE MESA Y DE SALÓN', 1, '2023-05-19 21:20:55', '2023-05-19 21:20:55'),
	(290, '32402', 'SERVICIO DE MAQUILADO DE JUGUETES Y JUEGOS', 1, '2023-05-19 21:20:55', '2023-05-19 21:20:55'),
	(291, '32409', 'FABRICACIÓN DE JUEGOS Y JUGUETES N.C.P.', 1, '2023-05-19 21:20:55', '2023-05-19 21:20:55'),
	(292, '32500', 'FABRICACIÓN DE INSTRUMENTOS Y MATERIALES MÉDICOS Y ODONTOLÓGICOS', 1, '2023-05-19 21:20:55', '2023-05-19 21:20:55'),
	(293, '32901', 'FABRICACIÓN DE LÁPICES, BOLÍGRAFOS, SELLOS Y ARTÍCULOS DE LIBRERÍA EN GENERAL', 1, '2023-05-19 21:20:55', '2023-05-19 21:20:55'),
	(294, '32902', 'FABRICACIÓN DE ESCOBAS, CEPILLOS, PINCELES Y SIMILARES', 1, '2023-05-19 21:20:55', '2023-05-19 21:20:55'),
	(295, '32903', 'FABRICACIÓN DE ARTESANÍAS DE MATERIALES DIVERSOS', 1, '2023-05-19 21:20:55', '2023-05-19 21:20:55'),
	(296, '32904', 'FABRICACIÓN DE ARTÍCULOS DE USO PERSONAL Y DOMÉSTICOS N.C.P.', 1, '2023-05-19 21:20:55', '2023-05-19 21:20:55'),
	(297, '32905', 'FABRICACIÓN DE ACCESORIOS PARA LAS CONFECCIONES Y LA MARROQUINERÍA N.C.P.', 1, '2023-05-19 21:20:55', '2023-05-19 21:20:55'),
	(298, '32908', 'SERVICIOS DE MAQUILA NCP', 1, '2023-05-19 21:20:55', '2023-05-19 21:20:55'),
	(299, '32909', 'FABRICACIÓN DE PRODUCTOS MANUFACTURADOS N.C.P.', 1, '2023-05-19 21:20:55', '2023-05-19 21:20:55'),
	(300, '33110', 'REPARACIÓN Y MANTENIMIENTO DE PRODUCTOS ELABORADOS DE METAL', 1, '2023-05-19 21:20:55', '2023-05-19 21:20:55'),
	(301, '33120', 'REPARACIÓN Y MANTENIMIENTO DE MAQUINARIA', 1, '2023-05-19 21:20:55', '2023-05-19 21:20:55'),
	(302, '33130', 'REPARACIÓN Y MANTENIMIENTO DE EQUIPO ELECTRÓNICO Y ÓPTICO', 1, '2023-05-19 21:20:55', '2023-05-19 21:20:55'),
	(303, '33140', 'REPARACIÓN Y MANTENIMIENTO  DE EQUIPO ELÉCTRICO', 1, '2023-05-19 21:20:55', '2023-05-19 21:20:55'),
	(304, '33150', 'REPARACIÓN Y MANTENIMIENTO DE EQUIPO DE TRANSPORTE, EXCEPTO VEHÍCULOS AUTOMOTORES', 1, '2023-05-19 21:20:55', '2023-05-19 21:20:55'),
	(305, '33190', 'REPARACIÓN Y MANTENIMIENTO DE EQUIPOS N.C.P.', 1, '2023-05-19 21:20:55', '2023-05-19 21:20:55'),
	(306, '33200', 'INSTALACIÓN DE MAQUINARIA Y EQUIPO INDUSTRIAL', 1, '2023-05-19 21:20:55', '2023-05-19 21:20:55'),
	(307, '35101', 'GENERACIÓN DE ENERGÍA ELÉCTRICA', 1, '2023-05-19 21:20:55', '2023-05-19 21:20:55'),
	(308, '35102', 'TRANSMISIÓN DE ENERGÍA ELÉCTRICA', 1, '2023-05-19 21:20:55', '2023-05-19 21:20:55'),
	(309, '35103', 'DISTRIBUCIÓN DE ENERGÍA ELÉCTRICA', 1, '2023-05-19 21:20:55', '2023-05-19 21:20:55'),
	(310, '35200', 'FABRICACIÓN DE GAS, DISTRIBUCIÓN DE COMBUSTIBLES GASEOSOS POR TUBERÍAS', 1, '2023-05-19 21:20:55', '2023-05-19 21:20:55'),
	(311, '35300', 'SUMINISTRO DE VAPOR Y AGUA CALIENTE', 1, '2023-05-19 21:20:55', '2023-05-19 21:20:55'),
	(312, '36000', 'CAPTACIÓN, TRATAMIENTO Y SUMINISTRO DE AGUA', 1, '2023-05-19 21:20:55', '2023-05-19 21:20:55'),
	(313, '37000', 'EVACUACIÓN DE AGUAS RESIDUALES (ALCANTARILLADO)', 1, '2023-05-19 21:20:55', '2023-05-19 21:20:55'),
	(314, '38110', 'RECOLECCIÓN Y TRANSPORTE DE DESECHOS SÓLIDOS PROVENIENTE DE HOGARES Y  SECTOR URBANO', 1, '2023-05-19 21:20:55', '2023-05-19 21:20:55'),
	(315, '38120', 'RECOLECCIÓN DE DESECHOS PELIGROSOS', 1, '2023-05-19 21:20:55', '2023-05-19 21:20:55'),
	(316, '38210', 'TRATAMIENTO Y ELIMINACIÓN DE DESECHOS INICUOS', 1, '2023-05-19 21:20:55', '2023-05-19 21:20:55'),
	(317, '38220', 'TRATAMIENTO Y ELIMINACIÓN DE DESECHOS PELIGROSOS', 1, '2023-05-19 21:20:55', '2023-05-19 21:20:55'),
	(318, '38301', 'RECICLAJE DE DESPERDICIOS Y DESECHOS TEXTILES', 1, '2023-05-19 21:20:55', '2023-05-19 21:20:55'),
	(319, '38302', 'RECICLAJE DE DESPERDICIOS Y DESECHOS DE PLÁSTICO Y CAUCHO', 1, '2023-05-19 21:20:55', '2023-05-19 21:20:55'),
	(320, '38303', 'RECICLAJE DE DESPERDICIOS Y DESECHOS DE VIDRIO', 1, '2023-05-19 21:20:55', '2023-05-19 21:20:55'),
	(321, '38304', 'RECICLAJE DE DESPERDICIOS Y DESECHOS DE PAPEL Y CARTÓN', 1, '2023-05-19 21:20:55', '2023-05-19 21:20:55'),
	(322, '38305', 'RECICLAJE DE DESPERDICIOS Y DESECHOS METÁLICOS', 1, '2023-05-19 21:20:55', '2023-05-19 21:20:55'),
	(323, '38309', 'RECICLAJE DE DESPERDICIOS Y DESECHOS NO METÁLICOS  N.C.P.', 1, '2023-05-19 21:20:55', '2023-05-19 21:20:55'),
	(324, '39000', 'ACTIVIDADES DE SANEAMIENTO Y OTROS SERVICIOS DE GESTIÓN DE DESECHOS', 1, '2023-05-19 21:20:55', '2023-05-19 21:20:55'),
	(325, '41001', 'CONSTRUCCIÓN DE EDIFICIOS RESIDENCIALES', 1, '2023-05-19 21:20:55', '2023-05-19 21:20:55'),
	(326, '41002', 'CONSTRUCCIÓN DE EDIFICIOS NO RESIDENCIALES', 1, '2023-05-19 21:20:55', '2023-05-19 21:20:55'),
	(327, '42100', 'CONSTRUCCIÓN DE CARRETERAS, CALLES Y CAMINOS', 1, '2023-05-19 21:20:55', '2023-05-19 21:20:55'),
	(328, '42200', 'CONSTRUCCIÓN DE PROYECTOS DE SERVICIO PÚBLICO', 1, '2023-05-19 21:20:55', '2023-05-19 21:20:55'),
	(329, '42900', 'CONSTRUCCIÓN DE OBRAS DE INGENIERÍA CIVIL N.C.P.', 1, '2023-05-19 21:20:55', '2023-05-19 21:20:55'),
	(330, '43110', 'DEMOLICIÓN', 1, '2023-05-19 21:20:55', '2023-05-19 21:20:55'),
	(331, '43120', 'PREPARACIÓN DE TERRENO', 1, '2023-05-19 21:20:55', '2023-05-19 21:20:55'),
	(332, '43210', 'INSTALACIONES ELÉCTRICAS', 1, '2023-05-19 21:20:55', '2023-05-19 21:20:55'),
	(333, '43220', 'INSTALACIÓN DE FONTANERÍA, CALEFACCIÓN Y AIRE ACONDICIONADO', 1, '2023-05-19 21:20:55', '2023-05-19 21:20:55'),
	(334, '43290', 'OTRAS INSTALACIONES PARA OBRAS DE CONSTRUCCIÓN', 1, '2023-05-19 21:20:55', '2023-05-19 21:20:55'),
	(335, '43300', 'TERMINACIÓN Y ACABADO DE EDIFICIOS', 1, '2023-05-19 21:20:55', '2023-05-19 21:20:55'),
	(336, '43900', 'OTRAS ACTIVIDADES ESPECIALIZADAS DE CONSTRUCCIÓN', 1, '2023-05-19 21:20:55', '2023-05-19 21:20:55'),
	(337, '43901', 'FABRICACIÓN DE TECHOS Y MATERIALES DIVERSOS', 1, '2023-05-19 21:20:55', '2023-05-19 21:20:55'),
	(338, '45100', 'VENTA DE VEHÍCULOS AUTOMOTORES', 1, '2023-05-19 21:20:55', '2023-05-19 21:20:55'),
	(339, '45201', 'REPARACIÓN MECÁNICA DE VEHÍCULOS AUTOMOTORES', 1, '2023-05-19 21:20:55', '2023-05-19 21:20:55'),
	(340, '45202', 'REPARACIONES ELÉCTRICAS DEL AUTOMOTOR Y RECARGA DE BATERÍAS', 1, '2023-05-19 21:20:55', '2023-05-19 21:20:55'),
	(341, '45203', 'ENDEREZADO Y PINTURA DE VEHÍCULOS AUTOMOTORES', 1, '2023-05-19 21:20:55', '2023-05-19 21:20:55'),
	(342, '45204', 'REPARACIONES DE RADIADORES, ESCAPES Y SILENCIADORES', 1, '2023-05-19 21:20:55', '2023-05-19 21:20:55'),
	(343, '45205', 'REPARACIÓN Y RECONSTRUCCIÓN DE VÍAS, STOP Y OTROS ARTÍCULOS DE FIBRA DE VIDRIO', 1, '2023-05-19 21:20:55', '2023-05-19 21:20:55'),
	(344, '45206', 'REPARACIÓN DE LLANTAS DE VEHÍCULOS AUTOMOTORES', 1, '2023-05-19 21:20:55', '2023-05-19 21:20:55'),
	(345, '45207', 'POLARIZADO DE VEHÍCULOS (MEDIANTE LA ADHESIÓN DE PAPEL ESPECIAL A LOS VIDRIOS)', 1, '2023-05-19 21:20:55', '2023-05-19 21:20:55'),
	(346, '45208', 'LAVADO Y PASTEADO DE VEHÍCULOS (CARWASH)', 1, '2023-05-19 21:20:55', '2023-05-19 21:20:55'),
	(347, '45209', 'REPARACIONES DE VEHÍCULOS N.C.P.', 1, '2023-05-19 21:20:55', '2023-05-19 21:20:55'),
	(348, '45211', 'REMOLQUE DE VEHÍCULOS AUTOMOTORES', 1, '2023-05-19 21:20:55', '2023-05-19 21:20:55'),
	(349, '45301', 'VENTA DE PARTES, PIEZAS Y ACCESORIOS NUEVOS PARA VEHÍCULOS AUTOMOTORES', 1, '2023-05-19 21:20:55', '2023-05-19 21:20:55'),
	(350, '45302', 'VENTA DE PARTES, PIEZAS Y ACCESORIOS USADOS PARA VEHÍCULOS AUTOMOTORES', 1, '2023-05-19 21:20:55', '2023-05-19 21:20:55'),
	(351, '45401', 'VENTA DE MOTOCICLETAS', 1, '2023-05-19 21:20:55', '2023-05-19 21:20:55'),
	(352, '45402', 'VENTA DE REPUESTOS, PIEZAS Y ACCESORIOS DE MOTOCICLETAS', 1, '2023-05-19 21:20:55', '2023-05-19 21:20:55'),
	(353, '45403', 'MANTENIMIENTO Y REPARACIÓN  DE MOTOCICLETAS', 1, '2023-05-19 21:20:55', '2023-05-19 21:20:55'),
	(354, '46100', 'VENTA AL POR MAYOR A CAMBIO DE RETRIBUCIÓN O POR CONTRATA', 1, '2023-05-19 21:20:55', '2023-05-19 21:20:55'),
	(355, '46201', 'VENTA AL POR MAYOR DE MATERIAS PRIMAS AGRÍCOLAS', 1, '2023-05-19 21:20:55', '2023-05-19 21:20:55'),
	(356, '46202', 'VENTA AL POR MAYOR DE PRODUCTOS DE LA SILVICULTURA', 1, '2023-05-19 21:20:55', '2023-05-19 21:20:55'),
	(357, '46203', 'VENTA AL POR MAYOR DE PRODUCTOS PECUARIOS Y DE GRANJA', 1, '2023-05-19 21:20:55', '2023-05-19 21:20:55'),
	(358, '46211', 'VENTA DE PRODUCTOS PARA USO AGROPECUARIO', 1, '2023-05-19 21:20:55', '2023-05-19 21:20:55'),
	(359, '46291', 'VENTA AL POR MAYOR DE GRANOS BÁSICOS (CEREALES, LEGUMINOSAS)', 1, '2023-05-19 21:20:55', '2023-05-19 21:20:55'),
	(360, '46292', 'VENTA  AL POR MAYOR DE SEMILLAS MEJORADAS PARA CULTIVO', 1, '2023-05-19 21:20:55', '2023-05-19 21:20:55'),
	(361, '46293', 'VENTA  AL POR MAYOR DE CAFÉ ORO Y UVA', 1, '2023-05-19 21:20:55', '2023-05-19 21:20:55'),
	(362, '46294', 'VENTA  AL POR MAYOR DE CAÑA DE AZÚCAR', 1, '2023-05-19 21:20:55', '2023-05-19 21:20:55'),
	(363, '46295', 'VENTA AL POR MAYOR DE FLORES, PLANTAS  Y OTROS PRODUCTOS NATURALES', 1, '2023-05-19 21:20:55', '2023-05-19 21:20:55'),
	(364, '46296', 'VENTA AL POR MAYOR DE PRODUCTOS AGRÍCOLAS', 1, '2023-05-19 21:20:55', '2023-05-19 21:20:55'),
	(365, '46297', 'VENTA  AL POR MAYOR DE GANADO BOVINO (VIVO)', 1, '2023-05-19 21:20:55', '2023-05-19 21:20:55'),
	(366, '46298', 'VENTA AL POR MAYOR DE ANIMALES PORCINOS, OVINOS, CAPRINO, CANÍCULAS, APÍCOLAS, AVÍCOLAS VIVOS', 1, '2023-05-19 21:20:55', '2023-05-19 21:20:55'),
	(367, '46299', 'VENTA DE OTRAS ESPECIES VIVAS DEL REINO ANIMAL', 1, '2023-05-19 21:20:55', '2023-05-19 21:20:55'),
	(368, '46301', 'VENTA AL POR MAYOR DE ALIMENTOS', 1, '2023-05-19 21:20:55', '2023-05-19 21:20:55'),
	(369, '46302', 'VENTA AL POR MAYOR DE BEBIDAS', 1, '2023-05-19 21:20:55', '2023-05-19 21:20:55'),
	(370, '46303', 'VENTA AL POR MAYOR DE TABACO', 1, '2023-05-19 21:20:55', '2023-05-19 21:20:55'),
	(371, '46371', 'VENTA AL POR MAYOR DE FRUTAS, HORTALIZAS (VERDURAS), LEGUMBRES Y TUBÉRCULOS', 1, '2023-05-19 21:20:55', '2023-05-19 21:20:55'),
	(372, '46372', 'VENTA AL POR MAYOR DE POLLOS, GALLINAS DESTAZADAS, PAVOS Y OTRAS AVES', 1, '2023-05-19 21:20:55', '2023-05-19 21:20:55'),
	(373, '46373', 'VENTA AL POR MAYOR DE CARNE BOVINA Y PORCINA, PRODUCTOS DE CARNE Y EMBUTIDOS', 1, '2023-05-19 21:20:55', '2023-05-19 21:20:55'),
	(374, '46374', 'VENTA  AL POR MAYOR DE HUEVOS', 1, '2023-05-19 21:20:55', '2023-05-19 21:20:55'),
	(375, '46375', 'VENTA AL POR MAYOR DE PRODUCTOS LÁCTEOS', 1, '2023-05-19 21:20:55', '2023-05-19 21:20:55'),
	(376, '46376', 'VENTA AL POR MAYOR DE PRODUCTOS FARINÁCEOS DE PANADERÍA (PAN DULCE, CAKES, RESPOSTERÍA, ETC.)', 1, '2023-05-19 21:20:55', '2023-05-19 21:20:55'),
	(377, '46377', 'VENTA AL POR MAYOR DE PASTAS ALIMENTICAS, ACEITES Y GRASAS COMESTIBLES VEGETAL Y ANIMAL', 1, '2023-05-19 21:20:55', '2023-05-19 21:20:55'),
	(378, '46378', 'VENTA AL POR MAYOR DE SAL COMESTIBLE', 1, '2023-05-19 21:20:55', '2023-05-19 21:20:55'),
	(379, '46379', 'VENTA AL POR MAYOR DE AZÚCAR', 1, '2023-05-19 21:20:55', '2023-05-19 21:20:55'),
	(380, '46391', 'VENTA AL POR MAYOR DE ABARROTES (VINOS, LICORES, PRODUCTOS ALIMENTICIOS ENVASADOS, ETC.)', 1, '2023-05-19 21:20:55', '2023-05-19 21:20:55'),
	(381, '46392', 'VENTA AL POR MAYOR DE AGUAS GASEOSAS', 1, '2023-05-19 21:20:55', '2023-05-19 21:20:55'),
	(382, '46393', 'VENTA AL POR MAYOR DE AGUA PURIFICADA', 1, '2023-05-19 21:20:55', '2023-05-19 21:20:55'),
	(383, '46394', 'VENTA AL POR MAYOR DE REFRESCOS Y OTRAS BEBIDAS, LÍQUIDAS O EN POLVO', 1, '2023-05-19 21:20:55', '2023-05-19 21:20:55'),
	(384, '46395', 'VENTA AL POR MAYOR DE CERVEZA Y LICORES', 1, '2023-05-19 21:20:55', '2023-05-19 21:20:55'),
	(385, '46396', 'VENTA AL POR MAYOR DE HIELO', 1, '2023-05-19 21:20:55', '2023-05-19 21:20:55'),
	(386, '46411', 'VENTA AL POR MAYOR DE HILADOS, TEJIDOS Y PRODUCTOS TEXTILES DE MERCERÍA', 1, '2023-05-19 21:20:55', '2023-05-19 21:20:55'),
	(387, '46412', 'VENTA AL POR MAYOR DE ARTÍCULOS TEXTILES EXCEPTO CONFECCIONES PARA EL HOGAR', 1, '2023-05-19 21:20:55', '2023-05-19 21:20:55'),
	(388, '46413', 'VENTA AL POR MAYOR DE CONFECCIONES TEXTILES PARA EL HOGAR', 1, '2023-05-19 21:20:55', '2023-05-19 21:20:55'),
	(389, '46414', 'VENTA AL POR MAYOR DE PRENDAS DE VESTIR Y ACCESORIOS DE VESTIR', 1, '2023-05-19 21:20:55', '2023-05-19 21:20:55'),
	(390, '46415', 'VENTA AL POR MAYOR DE ROPA USADA', 1, '2023-05-19 21:20:55', '2023-05-19 21:20:55'),
	(391, '46416', 'VENTA AL POR MAYOR DE CALZADO', 1, '2023-05-19 21:20:55', '2023-05-19 21:20:55'),
	(392, '46417', 'VENTA AL POR MAYOR DE ARTÍCULOS DE MARROQUINERÍA Y TALABARTERÍA', 1, '2023-05-19 21:20:55', '2023-05-19 21:20:55'),
	(393, '46418', 'VENTA AL POR MAYOR DE ARTÍCULOS DE PELETERÍA', 1, '2023-05-19 21:20:55', '2023-05-19 21:20:55'),
	(394, '46419', 'VENTA AL POR MAYOR DE OTROS ARTÍCULOS TEXTILES N.C.P.', 1, '2023-05-19 21:20:55', '2023-05-19 21:20:55'),
	(395, '46471', 'VENTA AL POR MAYOR DE INSTRUMENTOS MUSICALES', 1, '2023-05-19 21:20:55', '2023-05-19 21:20:55'),
	(396, '46472', 'VENTA AL POR MAYOR DE COLCHONES, ALMOHADAS, COJINES, ETC.', 1, '2023-05-19 21:20:55', '2023-05-19 21:20:55'),
	(397, '46473', 'VENTA AL POR MAYOR DE ARTÍCULOS DE ALUMINIO PARA EL HOGAR Y PARA OTROS USOS', 1, '2023-05-19 21:20:55', '2023-05-19 21:20:55'),
	(398, '46474', 'VENTA AL POR MAYOR DE DEPÓSITOS Y OTROS ARTÍCULOS PLÁSTICOS PARA EL HOGAR Y OTROS USOS, INCLUYENDO L', 1, '2023-05-19 21:20:55', '2023-05-19 21:20:55'),
	(399, '46475', 'VENTA AL POR MAYOR DE CÁMARAS FOTOGRÁFICAS, ACCESORIOS Y MATERIALES', 1, '2023-05-19 21:20:55', '2023-05-19 21:20:55'),
	(400, '46482', 'VENTA AL POR MAYOR DE MEDICAMENTOS, ARTÍCULOS Y OTROS PRODUCTOS DE USO VETERINARIO', 1, '2023-05-19 21:20:55', '2023-05-19 21:20:55'),
	(401, '46483', 'VENTA AL POR MAYOR DE PRODUCTOS Y ARTÍCULOS DE BELLEZA  Y DE  USO PERSONAL', 1, '2023-05-19 21:20:55', '2023-05-19 21:20:55'),
	(402, '46484', 'VENTA DE PRODUTOS FARMACÉUTICOS Y MEDICINALES', 1, '2023-05-19 21:20:55', '2023-05-19 21:20:55'),
	(403, '46491', 'VENTA AL POR MAYOR DE PRODUCTOS MEDICINALES, COSMÉTICOS, PERFUMERÍA Y PRODUCTOS DE LIMPIEZA', 1, '2023-05-19 21:20:55', '2023-05-19 21:20:55'),
	(404, '46492', 'VENTA AL POR MAYOR DE RELOJES Y ARTÍCULOS DE JOYERÍA', 1, '2023-05-19 21:20:55', '2023-05-19 21:20:55'),
	(405, '46493', 'VENTA AL POR MAYOR DE ELECTRODOMÉSTICOS Y ARTÍCULOS DEL HOGAR EXCEPTO BAZAR;  ARTÍCULOS DE ILUMINACI', 1, '2023-05-19 21:20:55', '2023-05-19 21:20:55'),
	(406, '46494', 'VENTA AL POR MAYOR DE ARTÍCULOS DE BAZAR Y SIMILARES', 1, '2023-05-19 21:20:55', '2023-05-19 21:20:55'),
	(407, '46495', 'VENTA AL POR MAYOR DE ARTÍCULOS DE ÓPTICA', 1, '2023-05-19 21:20:55', '2023-05-19 21:20:55'),
	(408, '46496', 'VENTA AL POR MAYOR DE REVISTAS, PERIÓDICOS, LIBROS, ARTÍCULOS DE LIBRERÍA Y ARTÍCULOS DE PAPEL Y CAR', 1, '2023-05-19 21:20:55', '2023-05-19 21:20:55'),
	(409, '46497', 'VENTA DE ARTÍCULOS DEPORTIVOS, JUGUETES Y RODADOS', 1, '2023-05-19 21:20:55', '2023-05-19 21:20:55'),
	(410, '46498', 'VENTA AL POR MAYOR DE PRODUCTOS USADOS PARA EL HOGAR O EL USO PERSONAL', 1, '2023-05-19 21:20:55', '2023-05-19 21:20:55'),
	(411, '46499', 'VENTA AL POR MAYOR DE ENSERES DOMÉSTICOS Y DE USO PERSONAL N.C.P.', 1, '2023-05-19 21:20:55', '2023-05-19 21:20:55'),
	(412, '46500', 'VENTA AL POR MAYOR DE BICICLETAS, PARTES, ACCESORIOS Y OTROS', 1, '2023-05-19 21:20:55', '2023-05-19 21:20:55'),
	(413, '46510', 'VENTA AL POR MAYOR DE COMPUTADORAS, EQUIPO PERIFÉRICO Y PROGRAMAS INFORMÁTICOS', 1, '2023-05-19 21:20:55', '2023-05-19 21:20:55'),
	(414, '46520', 'VENTA AL POR MAYOR DE EQUIPOS DE COMUNICACIÓN', 1, '2023-05-19 21:20:55', '2023-05-19 21:20:55'),
	(415, '46530', 'VENTA AL POR MAYOR DE MAQUINARIA Y EQUIPO AGROPECUARIO, ACCESORIOS, PARTES Y SUMINISTROS', 1, '2023-05-19 21:20:55', '2023-05-19 21:20:55'),
	(416, '46590', 'VENTA DE EQUIPOS E INSTRUMENTOS DE USO PROFESIONAL Y CIENTÍFICO Y APARATOS DE MEDIDA Y CONTROL', 1, '2023-05-19 21:20:55', '2023-05-19 21:20:55'),
	(417, '46591', 'VENTA AL POR MAYOR DE MAQUINARIA EQUIPO, ACCESORIOS Y MATERIALES PARA LA INDUSTRIA DE LA MADERA Y  S', 1, '2023-05-19 21:20:55', '2023-05-19 21:20:55'),
	(418, '46592', 'VENTA AL POR MAYOR DE MAQUINARIA,  EQUIPO, ACCESORIOS Y MATERIALES PARA LAS INDUSTRIA GRÁFICA Y DEL', 1, '2023-05-19 21:20:55', '2023-05-19 21:20:55'),
	(419, '46593', 'VENTA AL POR MAYOR DE MAQUINARIA, EQUIPO, ACCESORIOS Y MATERIALES PARA LA  INDUSTRIA DE  PRODUCTOS Q', 1, '2023-05-19 21:20:55', '2023-05-19 21:20:55'),
	(420, '46594', 'VENTA AL POR MAYOR DE MAQUINARIA, EQUIPO, ACCESORIOS Y MATERIALES PARA LA INDUSTRIA METÁLICA Y DE SU', 1, '2023-05-19 21:20:55', '2023-05-19 21:20:55'),
	(421, '46595', 'VENTA AL POR MAYOR DE EQUIPAMIENTO PARA USO MÉDICO, ODONTOLÓGICO, VETERINARIO Y SERVICIOS CONEXOS', 1, '2023-05-19 21:20:55', '2023-05-19 21:20:55'),
	(422, '46596', 'VENTA AL POR MAYOR DE MAQUINARIA, EQUIPO, ACCESORIOS Y PARTES PARA LA INDUSTRIA DE LA ALIMENTACIÓN', 1, '2023-05-19 21:20:55', '2023-05-19 21:20:55'),
	(423, '46597', 'VENTA AL POR MAYOR DE MAQUINARIA, EQUIPO, ACCESORIOS Y PARTES PARA LA INDUSTRIA TEXTIL, CONFECCIONES', 1, '2023-05-19 21:20:55', '2023-05-19 21:20:55'),
	(424, '46598', 'VENTA AL POR MAYOR DE MAQUINARIA, EQUIPO Y ACCESORIOS PARA LA CONSTRUCCIÓN Y EXPLOTACIÓN DE MINAS Y', 1, '2023-05-19 21:20:55', '2023-05-19 21:20:55'),
	(425, '46599', 'VENTA AL POR MAYOR DE OTRO TIPO DE MAQUINARIA Y EQUIPO CON SUS ACCESORIOS Y PARTES', 1, '2023-05-19 21:20:55', '2023-05-19 21:20:55'),
	(426, '46610', 'VENTA AL POR MAYOR  DE OTROS COMBUSTIBLES SÓLIDOS, LÍQUIDOS, GASEOSOS Y DE PRODUCTOS CONEXOS', 1, '2023-05-19 21:20:55', '2023-05-19 21:20:55'),
	(427, '46612', 'VENTA AL POR MAYOR DE COMBUSTIBLES PARA AUTOMOTORES, AVIONES, BARCOS, MAQUINARIA  Y OTROS', 1, '2023-05-19 21:20:55', '2023-05-19 21:20:55'),
	(428, '46613', 'VENTA AL POR MAYOR DE LUBRICANTES, GRASAS Y  OTROS ACEITES PARA AUTOMOTORES, MAQUINARIA  INDUSTRIAL,', 1, '2023-05-19 21:20:55', '2023-05-19 21:20:55'),
	(429, '46614', 'VENTA AL POR MAYOR DE GAS PROPANO', 1, '2023-05-19 21:20:55', '2023-05-19 21:20:55'),
	(430, '46615', 'VENTA AL  POR MAYOR DE LEÑA Y CARBÓN', 1, '2023-05-19 21:20:55', '2023-05-19 21:20:55'),
	(431, '46620', 'VENTA AL POR MAYOR DE METALES Y MINERALES METALÍFEROS', 1, '2023-05-19 21:20:55', '2023-05-19 21:20:55'),
	(432, '46631', 'VENTA AL POR MAYOR DE PUERTAS, VENTANAS, VITRINAS Y SIMILARES', 1, '2023-05-19 21:20:55', '2023-05-19 21:20:55'),
	(433, '46632', 'VENTA AL POR MAYOR DE ARTÍCULOS DE FERRETERÍA Y PINTURERÍAS', 1, '2023-05-19 21:20:55', '2023-05-19 21:20:55'),
	(434, '46633', 'VIDRIERÍAS', 1, '2023-05-19 21:20:55', '2023-05-19 21:20:55'),
	(435, '46634', 'VENTA AL POR MAYOR DE MADERAS', 1, '2023-05-19 21:20:55', '2023-05-19 21:20:55'),
	(436, '46639', 'VENTA AL POR MAYOR DE MATERIALES PARA LA CONSTRUCCIÓN N.C.P.', 1, '2023-05-19 21:20:55', '2023-05-19 21:20:55'),
	(437, '46691', 'VENTA AL POR MAYOR DE SAL INDUSTRIAL SIN YODAR', 1, '2023-05-19 21:20:55', '2023-05-19 21:20:55'),
	(438, '46692', 'VENTA AL POR MAYOR DE PRODUCTOS INTERMEDIOS Y DESECHOS DE ORIGEN TEXTIL', 1, '2023-05-19 21:20:55', '2023-05-19 21:20:55'),
	(439, '46693', 'VENTA AL POR MAYOR DE PRODUCTOS INTERMEDIOS Y DESECHOS DE ORIGEN METÁLICO', 1, '2023-05-19 21:20:55', '2023-05-19 21:20:55'),
	(440, '46694', 'VENTA AL POR MAYOR DE PRODUCTOS INTERMEDIOS Y DESECHOS DE PAPEL Y CARTÓN', 1, '2023-05-19 21:20:55', '2023-05-19 21:20:55'),
	(441, '46695', 'VENTA AL POR MAYOR FERTILIZANTES, ABONOS, AGROQUÍMICOS Y PRODUCTOS SIMILARES', 1, '2023-05-19 21:20:55', '2023-05-19 21:20:55'),
	(442, '46696', 'VENTA AL POR MAYOR DE PRODUCTOS INTERMEDIOS Y DESECHOS DE ORIGEN PLÁSTICO', 1, '2023-05-19 21:20:55', '2023-05-19 21:20:55'),
	(443, '46697', 'VENTA AL POR MAYOR DE TINTAS PARA IMPRENTA, PRODUCTOS CURTIENTES Y MATERIAS Y PRODUCTOS COLORANTES', 1, '2023-05-19 21:20:55', '2023-05-19 21:20:55'),
	(444, '46698', 'VENTA DE PRODUCTOS INTERMEDIOS Y DESECHOS DE ORIGEN QUÍMICO Y DE CAUCHO', 1, '2023-05-19 21:20:55', '2023-05-19 21:20:55'),
	(445, '46699', 'VENTA AL POR MAYOR DE PRODUCTOS INTERMEDIOS Y DESECHOS NCP', 1, '2023-05-19 21:20:55', '2023-05-19 21:20:55'),
	(446, '46701', 'VENTA DE ALGODÓN EN ORO', 1, '2023-05-19 21:20:55', '2023-05-19 21:20:55'),
	(447, '46900', 'VENTA AL POR MAYOR DE OTROS PRODUCTOS', 1, '2023-05-19 21:20:55', '2023-05-19 21:20:55'),
	(448, '46901', 'VENTA AL POR MAYOR DE COHETES Y OTROS PRODUCTOS PIROTÉCNICOS', 1, '2023-05-19 21:20:55', '2023-05-19 21:20:55'),
	(449, '46902', 'VENTA AL POR MAYOR DE ARTICULOS DIVERSOS PARA CONSUMO HUMANO', 1, '2023-05-19 21:20:55', '2023-05-19 21:20:55'),
	(450, '46903', 'VENTA AL POR MAYOR DE ARMAS DE FUEGO, MUNICIONES Y ACCESORIOS', 1, '2023-05-19 21:20:55', '2023-05-19 21:20:55'),
	(451, '46904', 'VENTA AL POR MAYOR DE TOLDOS Y TIENDAS DE CAMPAÑA DE CUALQUIER MATERIAL', 1, '2023-05-19 21:20:55', '2023-05-19 21:20:55'),
	(452, '46905', 'VENTA AL POR MAYOR DE EXHIBIDORES PUBLICITARIOS Y RÓTULOS', 1, '2023-05-19 21:20:55', '2023-05-19 21:20:55'),
	(453, '46906', 'VENTA AL POR MAYOR DE ARTÍCULOS PROMOCIÓNALES  DIVERSOS', 1, '2023-05-19 21:20:55', '2023-05-19 21:20:55'),
	(454, '47111', 'VENTA EN SUPERMERCADOS', 1, '2023-05-19 21:20:55', '2023-05-19 21:20:55'),
	(455, '47112', 'VENTA EN TIENDAS DE ARTICULOS DE PRIMERA NECESIDAD', 1, '2023-05-19 21:20:55', '2023-05-19 21:20:55'),
	(456, '47119', 'ALMACENES (VENTA DE DIVERSOS ARTÍCULOS)', 1, '2023-05-19 21:20:55', '2023-05-19 21:20:55'),
	(457, '47190', 'VENTA AL POR MENOR DE OTROS PRODUCTOS EN COMERCIOS NO ESPECIALIZADOS', 1, '2023-05-19 21:20:55', '2023-05-19 21:20:55'),
	(458, '47199', 'VENTA DE ESTABLECIMIENTOS NO ESPECIALIZADOS CON SURTIDO COMPUESTO PRINCIPALMENTE DE ALIMENTOS, BEBID', 1, '2023-05-19 21:20:55', '2023-05-19 21:20:55'),
	(459, '47211', 'VENTA AL POR MENOR  DE FRUTAS Y HORTALIZAS', 1, '2023-05-19 21:20:55', '2023-05-19 21:20:55'),
	(460, '47212', 'VENTA AL POR MENOR DE CARNES, EMBUTIDOS Y PRODUCTOS DE GRANJA', 1, '2023-05-19 21:20:55', '2023-05-19 21:20:55'),
	(461, '47213', 'VENTA AL POR MENOR DE PESCADO Y MARISCOS', 1, '2023-05-19 21:20:55', '2023-05-19 21:20:55'),
	(462, '47214', 'VENTA AL POR MENOR DE PRODUCTOS  LÁCTEOS', 1, '2023-05-19 21:20:55', '2023-05-19 21:20:55'),
	(463, '47215', 'VENTA AL POR MENOR DE PRODUCTOS DE PANADERÍA, REPOSTERÍA Y GALLETAS', 1, '2023-05-19 21:20:55', '2023-05-19 21:20:55'),
	(464, '47216', 'VENTA AL POR MENOR DE HUEVOS', 1, '2023-05-19 21:20:55', '2023-05-19 21:20:55'),
	(465, '47217', 'VENTA AL POR MENOR DE CARNES Y PRODUCTOS CÁRNICOS', 1, '2023-05-19 21:20:55', '2023-05-19 21:20:55'),
	(466, '47218', 'VENTA AL POR MENOR  DE GRANOS BÁSICOS Y OTROS', 1, '2023-05-19 21:20:55', '2023-05-19 21:20:55'),
	(467, '47219', 'VENTA AL POR MENOR DE ALIMENTOS N.C.P.', 1, '2023-05-19 21:20:55', '2023-05-19 21:20:55'),
	(468, '47221', 'VENTA AL POR MENOR DE HIELO', 1, '2023-05-19 21:20:55', '2023-05-19 21:20:55'),
	(469, '47223', 'VENTA DE BEBIDAS NO ALCOHÓLICAS, PARA SU CONSUMO FUERA DEL ESTABLECIMIENTO', 1, '2023-05-19 21:20:55', '2023-05-19 21:20:55'),
	(470, '47224', 'VENTA DE BEBIDAS ALCOHÓLICAS, PARA SU CONSUMO FUERA DEL ESTABLECIMIENTO', 1, '2023-05-19 21:20:55', '2023-05-19 21:20:55'),
	(471, '47225', 'VENTA DE BEBIDAS ALCOHÓLICAS PARA SU CONSUMO DENTRO DEL ESTABLECIMIENTO', 1, '2023-05-19 21:20:55', '2023-05-19 21:20:55'),
	(472, '47230', 'VENTA AL POR MENOR DE TABACO', 1, '2023-05-19 21:20:55', '2023-05-19 21:20:55'),
	(473, '47300', 'VENTA DE COMBUSTIBLES, LUBRICANTES Y OTROS (GASOLINERAS)', 1, '2023-05-19 21:20:55', '2023-05-19 21:20:55'),
	(474, '47411', 'VENTA AL POR MENOR DE COMPUTADORAS Y EQUIPO PERIFÉRICO', 1, '2023-05-19 21:20:55', '2023-05-19 21:20:55'),
	(475, '47412', 'VENTA DE EQUIPO Y ACCESORIOS DE TELECOMUNICACIÓN', 1, '2023-05-19 21:20:55', '2023-05-19 21:20:55'),
	(476, '47420', 'VENTA AL POR MENOR DE EQUIPO DE AUDIO Y VIDEO', 1, '2023-05-19 21:20:55', '2023-05-19 21:20:55'),
	(477, '47510', 'VENTA AL POR MENOR DE HILADOS, TEJIDOS Y PRODUCTOS TEXTILES DE MERCERÍA; CONFECCIONES PARA EL HOGAR', 1, '2023-05-19 21:20:55', '2023-05-19 21:20:55'),
	(478, '47521', 'VENTA AL POR MENOR DE PRODUCTOS DE MADERA', 1, '2023-05-19 21:20:55', '2023-05-19 21:20:55'),
	(479, '47522', 'VENTA AL POR MENOR DE ARTÍCULOS DE FERRETERÍA', 1, '2023-05-19 21:20:55', '2023-05-19 21:20:55'),
	(480, '47523', 'VENTA AL POR MENOR DE PRODUCTOS DE PINTURERÍAS', 1, '2023-05-19 21:20:55', '2023-05-19 21:20:55'),
	(481, '47524', 'VENTA AL POR MENOR EN VIDRIERÍAS', 1, '2023-05-19 21:20:55', '2023-05-19 21:20:55'),
	(482, '47529', 'VENTA AL POR MENOR DE MATERIALES DE CONSTRUCCIÓN Y ARTÍCULOS CONEXOS', 1, '2023-05-19 21:20:55', '2023-05-19 21:20:55'),
	(483, '47530', 'VENTA AL POR MENOR DE TAPICES, ALFOMBRAS Y REVESTIMIENTOS DE PAREDES Y PISOS EN COMERCIOS  ESPECIALI', 1, '2023-05-19 21:20:55', '2023-05-19 21:20:55'),
	(484, '47591', 'VENTA AL POR MENOR DE MUEBLES', 1, '2023-05-19 21:20:55', '2023-05-19 21:20:55'),
	(485, '47592', 'VENTA AL POR MENOR DE ARTÍCULOS DE BAZAR', 1, '2023-05-19 21:20:55', '2023-05-19 21:20:55'),
	(486, '47593', 'VENTA AL POR MENOR DE APARATOS ELECTRODOMÉSTICOS, REPUESTOS Y ACCESORIOS', 1, '2023-05-19 21:20:55', '2023-05-19 21:20:55'),
	(487, '47594', 'VENTA AL POR MENOR DE ARTÍCULOS ELÉCTRICOS Y DE ILUMINACIÓN', 1, '2023-05-19 21:20:55', '2023-05-19 21:20:55'),
	(488, '47598', 'VENTA AL POR MENOR DE INSTRUMENTOS MUSICALES', 1, '2023-05-19 21:20:55', '2023-05-19 21:20:55'),
	(489, '47610', 'VENTA AL POR MENOR DE LIBROS, PERIÓDICOS Y ARTÍCULOS DE PAPELERÍA EN COMERCIOS ESPECIALIZADOS', 1, '2023-05-19 21:20:55', '2023-05-19 21:20:55'),
	(490, '47620', 'VENTA AL POR MENOR DE DISCOS LÁSER, CASSETTES, CINTAS DE VIDEO Y OTROS', 1, '2023-05-19 21:20:55', '2023-05-19 21:20:55'),
	(491, '47630', 'VENTA AL POR MENOR DE PRODUCTOS Y EQUIPOS DE DEPORTE', 1, '2023-05-19 21:20:55', '2023-05-19 21:20:55'),
	(492, '47631', 'VENTA AL POR MENOR DE BICICLETAS, ACCESORIOS Y REPUESTOS', 1, '2023-05-19 21:20:55', '2023-05-19 21:20:55'),
	(493, '47640', 'VENTA AL POR MENOR DE JUEGOS Y JUGUETES  EN COMERCIOS ESPECIALIZADOS', 1, '2023-05-19 21:20:55', '2023-05-19 21:20:55'),
	(494, '47711', 'VENTA AL POR MENOR DE PRENDAS DE VESTIR Y ACCESORIOS DE VESTIR', 1, '2023-05-19 21:20:55', '2023-05-19 21:20:55'),
	(495, '47712', 'VENTA AL POR MENOR DE CALZADO', 1, '2023-05-19 21:20:55', '2023-05-19 21:20:55'),
	(496, '47713', 'VENTA AL POR MENOR DE ARTÍCULOS DE PELETERÍA, MARROQUINERÍA Y TALABARTERÍA', 1, '2023-05-19 21:20:55', '2023-05-19 21:20:55'),
	(497, '47721', 'VENTA AL POR MENOR DE MEDICAMENTOS FARMACÉUTICOS Y OTROS MATERIALES Y ARTÍCULOS DE USO MÉDICO, ODONT', 1, '2023-05-19 21:20:55', '2023-05-19 21:20:55'),
	(498, '47722', 'VENTA AL POR MENOR DE PRODUCTOS COSMÉTICOS Y DE TOCADOR', 1, '2023-05-19 21:20:55', '2023-05-19 21:20:55'),
	(499, '47731', 'VENTA AL POR MENOR DE PRODUCTOS DE JOYERÍA, BISUTERÍA, ÓPTICA, RELOJERÍA', 1, '2023-05-19 21:20:55', '2023-05-19 21:20:55'),
	(500, '47732', 'VENTA AL POR MENOR DE PLANTAS, SEMILLAS, ANIMALES Y ARTÍCULOS CONEXOS', 1, '2023-05-19 21:20:55', '2023-05-19 21:20:55'),
	(501, '47733', 'VENTA AL POR MENOR DE COMBUSTIBLES DE USO DOMÉSTICO (GAS PROPANO Y GAS LICUADO)', 1, '2023-05-19 21:20:55', '2023-05-19 21:20:55'),
	(502, '47734', 'VENTA AL POR MENOR DE ARTESANÍAS, ARTÍCULOS CERÁMICOS Y RECUERDOS EN GENERAL', 1, '2023-05-19 21:20:55', '2023-05-19 21:20:55'),
	(503, '47735', 'VENTA AL POR MENOR DE ATAÚDES, LÁPIDAS Y CRUCES, TROFEOS, ARTÍCULOS RELIGIOSOS EN GENERAL', 1, '2023-05-19 21:20:55', '2023-05-19 21:20:55'),
	(504, '47736', 'VENTA AL POR MENOR DE ARMAS DE FUEGO, MUNICIONES Y ACCESORIOS', 1, '2023-05-19 21:20:55', '2023-05-19 21:20:55'),
	(505, '47737', 'VENTA AL POR MENOR DE ARTÍCULOS DE COHETERÍA Y PIROTÉCNICOS', 1, '2023-05-19 21:20:55', '2023-05-19 21:20:55'),
	(506, '47738', 'VENTA AL POR MENOR DE ARTÍCULOS DESECHABLES DE USO PERSONAL Y DOMÉSTICO (SERVILLETAS, PAPEL HIGIÉNIC', 1, '2023-05-19 21:20:55', '2023-05-19 21:20:55'),
	(507, '47739', 'VENTA AL POR MENOR DE OTROS PRODUCTOS  N.C.P.', 1, '2023-05-19 21:20:55', '2023-05-19 21:20:55'),
	(508, '47741', 'VENTA AL POR MENOR DE ARTÍCULOS USADOS', 1, '2023-05-19 21:20:55', '2023-05-19 21:20:55'),
	(509, '47742', 'VENTA AL POR MENOR DE TEXTILES Y CONFECCIONES USADOS', 1, '2023-05-19 21:20:55', '2023-05-19 21:20:55'),
	(510, '47743', 'VENTA AL POR MENOR DE LIBROS, REVISTAS, PAPEL Y CARTÓN USADOS', 1, '2023-05-19 21:20:55', '2023-05-19 21:20:55'),
	(511, '47749', 'VENTA AL POR MENOR DE PRODUCTOS USADOS N.C.P.', 1, '2023-05-19 21:20:55', '2023-05-19 21:20:55'),
	(512, '47811', 'VENTA AL POR MENOR DE FRUTAS, VERDURAS Y HORTALIZAS', 1, '2023-05-19 21:20:55', '2023-05-19 21:20:55'),
	(513, '47812', 'VENTA AL POR MENOR DE CARNES, EMBUTIDOS Y PRODUCTOS DE GRANJA', 1, '2023-05-19 21:20:55', '2023-05-19 21:20:55'),
	(514, '47814', 'VENTA AL POR MENOR DE PRODUCTOS LÁCTEOS', 1, '2023-05-19 21:20:55', '2023-05-19 21:20:55'),
	(515, '47815', 'VENTA AL POR MENOR DE PRODUCTOS DE PANADERÍA, GALLETAS Y SIMILARES', 1, '2023-05-19 21:20:55', '2023-05-19 21:20:55'),
	(516, '47816', 'VENTA AL POR MENOR DE BEBIDAS', 1, '2023-05-19 21:20:55', '2023-05-19 21:20:55'),
	(517, '47818', 'VENTA AL POR MENOR EN TIENDAS DE MERCADO Y PUESTOS', 1, '2023-05-19 21:20:55', '2023-05-19 21:20:55'),
	(518, '47821', 'VENTA AL POR MENOR DE HILADOS, TEJIDOS Y PRODUCTOS TEXTILES DE MERCERÍA EN PUESTOS DE MERCADOS Y FER', 1, '2023-05-19 21:20:55', '2023-05-19 21:20:55'),
	(519, '47822', 'VENTA AL POR MENOR DE ARTÍCULOS TEXTILES EXCEPTO CONFECCIONES PARA EL HOGAR EN PUESTOS DE MERCADOS Y', 1, '2023-05-19 21:20:55', '2023-05-19 21:20:55'),
	(520, '47823', 'VENTA AL POR MENOR DE CONFECCIONES TEXTILES PARA EL HOGAR EN PUESTOS DE MERCADOS Y FERIAS', 1, '2023-05-19 21:20:55', '2023-05-19 21:20:55'),
	(521, '47824', 'VENTA AL POR MENOR DE PRENDAS DE VESTIR, ACCESORIOS DE VESTIR Y SIMILARES EN PUESTOS DE MERCADOS Y F', 1, '2023-05-19 21:20:55', '2023-05-19 21:20:55'),
	(522, '47825', 'VENTA AL POR MENOR DE ROPA USADA', 1, '2023-05-19 21:20:55', '2023-05-19 21:20:55'),
	(523, '47826', 'VENTA AL POR MENOR DE CALZADO, ARTÍCULOS DE MARROQUINERÍA Y TALABARTERÍA EN PUESTOS DE MERCADOS Y FE', 1, '2023-05-19 21:20:55', '2023-05-19 21:20:55'),
	(524, '47827', 'VENTA AL POR MENOR DE ARTÍCULOS DE MARROQUINERÍA Y TALABARTERÍA EN PUESTOS DE MERCADOS Y FERIAS', 1, '2023-05-19 21:20:55', '2023-05-19 21:20:55'),
	(525, '47829', 'VENTA AL POR MENOR DE ARTÍCULOS TEXTILES NCP EN PUESTOS DE MERCADOS Y FERIAS', 1, '2023-05-19 21:20:55', '2023-05-19 21:20:55'),
	(526, '47891', 'VENTA AL POR MENOR DE ANIMALES, FLORES Y PRODUCTOS CONEXOS EN PUESTOS DE FERIA Y MERCADOS', 1, '2023-05-19 21:20:55', '2023-05-19 21:20:55'),
	(527, '47892', 'VENTA AL POR MENOR DE PRODUCTOS MEDICINALES, COSMÉTICOS, DE TOCADOR Y DE LIMPIEZA EN PUESTOS DE FERI', 1, '2023-05-19 21:20:55', '2023-05-19 21:20:55'),
	(528, '47893', 'VENTA AL POR MENOR DE ARTÍCULOS DE BAZAR EN PUESTOS DE FERIAS Y MERCADOS', 1, '2023-05-19 21:20:55', '2023-05-19 21:20:55'),
	(529, '47894', 'VENTA AL POR MENOR DE ARTÍCULOS DE PAPEL, ENVASES, LIBROS, REVISTAS Y CONEXOS EN PUESTOS DE FERIA Y', 1, '2023-05-19 21:20:55', '2023-05-19 21:20:55'),
	(530, '47895', 'VENTA AL POR MENOR DE MATERIALES DE CONSTRUCCIÓN, ELECTRODOMÉSTICOS, ACCESORIOS PARA AUTOS Y SIMILAR', 1, '2023-05-19 21:20:55', '2023-05-19 21:20:55'),
	(531, '47896', 'VENTA AL POR MENOR DE EQUIPOS ACCESORIOS PARA LAS COMUNICACIONES EN PUESTOS DE FERIA Y MERCADOS', 1, '2023-05-19 21:20:55', '2023-05-19 21:20:55'),
	(532, '47899', 'VENTA AL POR MENOR EN PUESTOS DE FERIAS Y MERCADOS N.C.P.', 1, '2023-05-19 21:20:55', '2023-05-19 21:20:55'),
	(533, '47910', 'VENTA AL POR MENOR POR CORREO O INTERNET', 1, '2023-05-19 21:20:55', '2023-05-19 21:20:55'),
	(534, '47990', 'OTROS TIPOS DE VENTA AL POR MENOR NO REALIZADA, EN ALMACENES, PUESTOS DE VENTA O MERCADO', 1, '2023-05-19 21:20:55', '2023-05-19 21:20:55'),
	(535, '49110', 'TRANSPORTE INTERURBANO DE PASAJEROS  POR FERROCARRIL', 1, '2023-05-19 21:20:55', '2023-05-19 21:20:55'),
	(536, '49120', 'TRANSPORTE DE CARGA POR FERROCARRIL', 1, '2023-05-19 21:20:55', '2023-05-19 21:20:55'),
	(537, '49211', 'TRANSPORTE DE PASAJEROS URBANOS E INTERURBANO MEDIANTE BUSES', 1, '2023-05-19 21:20:55', '2023-05-19 21:20:55'),
	(538, '49212', 'TRANSPORTE DE PASAJEROS INTERDEPARTAMENTAL MEDIANTE MICROBUSES', 1, '2023-05-19 21:20:55', '2023-05-19 21:20:55'),
	(539, '49213', 'TRANSPORTE DE PASAJEROS URBANOS E INTERURBANO MEDIANTE MICROBUSES', 1, '2023-05-19 21:20:55', '2023-05-19 21:20:55'),
	(540, '49214', 'TRANSPORTE DE PASAJEROS INTERDEPARTAMENTAL MEDIANTE BUSES', 1, '2023-05-19 21:20:55', '2023-05-19 21:20:55'),
	(541, '49221', 'TRANSPORTE INTERNACIONAL DE PASAJEROS', 1, '2023-05-19 21:20:55', '2023-05-19 21:20:55'),
	(542, '49222', 'TRANSPORTE DE PASAJEROS MEDIANTE TAXIS Y AUTOS CON CHOFER', 1, '2023-05-19 21:20:55', '2023-05-19 21:20:55'),
	(543, '49223', 'TRANSPORTE ESCOLAR', 1, '2023-05-19 21:20:55', '2023-05-19 21:20:55'),
	(544, '49225', 'TRANSPORTE DE PASAJEROS PARA EXCURSIONES', 1, '2023-05-19 21:20:55', '2023-05-19 21:20:55'),
	(545, '49226', 'SERVICIOS DE TRANSPORTE DE PERSONAL', 1, '2023-05-19 21:20:55', '2023-05-19 21:20:55'),
	(546, '49229', 'TRANSPORTE DE PASAJEROS POR VÍA TERRESTRE NCP', 1, '2023-05-19 21:20:55', '2023-05-19 21:20:55'),
	(547, '49231', 'TRANSPORTE DE CARGA URBANO', 1, '2023-05-19 21:20:55', '2023-05-19 21:20:55'),
	(548, '49232', 'TRANSPORTE NACIONAL DE CARGA', 1, '2023-05-19 21:20:55', '2023-05-19 21:20:55'),
	(549, '49233', 'TRANSPORTE DE CARGA  INTERNACIONAL', 1, '2023-05-19 21:20:55', '2023-05-19 21:20:55'),
	(550, '49234', 'SERVICIOS DE  MUDANZA', 1, '2023-05-19 21:20:55', '2023-05-19 21:20:55'),
	(551, '49235', 'ALQUILER DE VEHÍCULOS DE CARGA CON CONDUCTOR', 1, '2023-05-19 21:20:55', '2023-05-19 21:20:55'),
	(552, '49300', 'TRANSPORTE POR OLEODUCTO O GASODUCTO', 1, '2023-05-19 21:20:55', '2023-05-19 21:20:55'),
	(553, '50110', 'TRANSPORTE DE PASAJEROS MARÍTIMO Y DE CABOTAJE', 1, '2023-05-19 21:20:55', '2023-05-19 21:20:55'),
	(554, '50120', 'TRANSPORTE DE CARGA MARÍTIMO Y DE CABOTAJE', 1, '2023-05-19 21:20:55', '2023-05-19 21:20:55'),
	(555, '50211', 'TRANSPORTE DE PASAJEROS POR VÍAS DE NAVEGACIÓN INTERIORES', 1, '2023-05-19 21:20:55', '2023-05-19 21:20:55'),
	(556, '50212', 'ALQUILER DE EQUIPO DE TRANSPORTE DE PASAJEROS POR VÍAS DE NAVEGACIÓN INTERIOR CON CONDUCTOR', 1, '2023-05-19 21:20:55', '2023-05-19 21:20:55'),
	(557, '50220', 'TRANSPORTE DE CARGA POR VÍAS DE NAVEGACIÓN INTERIORES', 1, '2023-05-19 21:20:55', '2023-05-19 21:20:55'),
	(558, '51100', 'TRANSPORTE AÉREO DE PASAJEROS', 1, '2023-05-19 21:20:55', '2023-05-19 21:20:55'),
	(559, '51201', 'TRANSPORTE DE CARGA POR VÍA AÉREA', 1, '2023-05-19 21:20:55', '2023-05-19 21:20:55'),
	(560, '51202', 'ALQUILER DE EQUIPO DE AEROTRANSPORTE  CON OPERADORES PARA EL PROPÓSITO DE TRANSPORTAR CARGA', 1, '2023-05-19 21:20:55', '2023-05-19 21:20:55'),
	(561, '52101', 'ALQUILER DE INSTALACIONES DE ALMACENAMIENTO EN ZONAS FRANCAS', 1, '2023-05-19 21:20:55', '2023-05-19 21:20:55'),
	(562, '52102', 'ALQUILER DE SILOS PARA CONSERVACIÓN Y ALMACENAMIENTO DE GRANOS', 1, '2023-05-19 21:20:55', '2023-05-19 21:20:55'),
	(563, '52103', 'ALQUILER DE INSTALACIONES CON REFRIGERACIÓN PARA ALMACENAMIENTO Y CONSERVACIÓN DE ALIMENTOS Y OTROS', 1, '2023-05-19 21:20:55', '2023-05-19 21:20:55'),
	(564, '52109', 'ALQUILER DE BODEGAS PARA ALMACENAMIENTO Y DEPÓSITO N.C.P.', 1, '2023-05-19 21:20:55', '2023-05-19 21:20:55'),
	(565, '52211', 'SERVICIO DE GARAJE Y ESTACIONAMIENTO', 1, '2023-05-19 21:20:55', '2023-05-19 21:20:55'),
	(566, '52212', 'SERVICIOS DE TERMINALES PARA EL TRANSPORTE POR VÍA TERRESTRE', 1, '2023-05-19 21:20:55', '2023-05-19 21:20:55'),
	(567, '52219', 'SERVICIOS PARA EL TRANSPORTE POR VÍA TERRESTRE N.C.P.', 1, '2023-05-19 21:20:55', '2023-05-19 21:20:55'),
	(568, '52220', 'SERVICIOS PARA EL TRANSPORTE ACUÁTICO', 1, '2023-05-19 21:20:55', '2023-05-19 21:20:55'),
	(569, '52230', 'SERVICIOS PARA EL TRANSPORTE AÉREO', 1, '2023-05-19 21:20:55', '2023-05-19 21:20:55'),
	(570, '52240', 'MANIPULACIÓN DE CARGA', 1, '2023-05-19 21:20:55', '2023-05-19 21:20:55'),
	(571, '52290', 'SERVICIOS PARA EL TRANSPORTE NCP', 1, '2023-05-19 21:20:55', '2023-05-19 21:20:55'),
	(572, '52291', 'AGENCIAS DE TRAMITACIONES ADUANALES', 1, '2023-05-19 21:20:55', '2023-05-19 21:20:55'),
	(573, '53100', 'SERVICIOS DE  CORREO NACIONAL', 1, '2023-05-19 21:20:55', '2023-05-19 21:20:55'),
	(574, '53200', 'ACTIVIDADES DE CORREO DISTINTAS A LAS ACTIVIDADES POSTALES NACIONALES', 1, '2023-05-19 21:20:55', '2023-05-19 21:20:55'),
	(575, '55101', 'ACTIVIDADES DE ALOJAMIENTO PARA ESTANCIAS CORTAS', 1, '2023-05-19 21:20:55', '2023-05-19 21:20:55'),
	(576, '55102', 'HOTELES', 1, '2023-05-19 21:20:55', '2023-05-19 21:20:55'),
	(577, '55200', 'ACTIVIDADES DE CAMPAMENTOS, PARQUES DE VEHÍCULOS DE RECREO Y PARQUES DE CARAVANAS', 1, '2023-05-19 21:20:55', '2023-05-19 21:20:55'),
	(578, '55900', 'ALOJAMIENTO N.C.P.', 1, '2023-05-19 21:20:55', '2023-05-19 21:20:55'),
	(579, '56101', 'RESTAURANTES', 1, '2023-05-19 21:20:55', '2023-05-19 21:20:55'),
	(580, '56106', 'PUPUSERÍA', 1, '2023-05-19 21:20:55', '2023-05-19 21:20:55'),
	(581, '56107', 'ACTIVIDADES VARIAS DE RESTAURANTES', 1, '2023-05-19 21:20:55', '2023-05-19 21:20:55'),
	(582, '56108', 'COMEDORES', 1, '2023-05-19 21:20:55', '2023-05-19 21:20:55'),
	(583, '56109', 'MERENDEROS AMBULANTES', 1, '2023-05-19 21:20:55', '2023-05-19 21:20:55'),
	(584, '56210', 'PREPARACIÓN DE COMIDA PARA EVENTOS ESPECIALES', 1, '2023-05-19 21:20:55', '2023-05-19 21:20:55'),
	(585, '56291', 'SERVICIOS DE PROVISIÓN DE COMIDAS POR CONTRATO', 1, '2023-05-19 21:20:55', '2023-05-19 21:20:55'),
	(586, '56292', 'SERVICIOS DE CONCESIÓN DE CAFETINES Y CHALET EN EMPRESAS E INSTITUCIONES', 1, '2023-05-19 21:20:55', '2023-05-19 21:20:55'),
	(587, '56299', 'SERVICIOS DE PREPARACIÓN DE COMIDAS NCP', 1, '2023-05-19 21:20:55', '2023-05-19 21:20:55'),
	(588, '56301', 'SERVICIO DE EXPENDIO DE BEBIDAS EN SALONES Y BARES', 1, '2023-05-19 21:20:55', '2023-05-19 21:20:55'),
	(589, '56302', 'SERVICIO DE EXPENDIO DE BEBIDAS EN PUESTOS CALLEJEROS, MERCADOS Y FERIAS', 1, '2023-05-19 21:20:55', '2023-05-19 21:20:55'),
	(590, '58110', 'EDICIÓN DE LIBROS, FOLLETOS, PARTITURAS Y OTRAS EDICIONES DISTINTAS A ESTAS', 1, '2023-05-19 21:20:55', '2023-05-19 21:20:55'),
	(591, '58120', 'EDICIÓN DE DIRECTORIOS Y LISTAS DE CORREOS', 1, '2023-05-19 21:20:55', '2023-05-19 21:20:55'),
	(592, '58130', 'EDICIÓN DE PERIÓDICOS, REVISTAS Y OTRAS PUBLICACIONES PERIÓDICAS', 1, '2023-05-19 21:20:55', '2023-05-19 21:20:55'),
	(593, '58190', 'OTRAS ACTIVIDADES DE EDICIÓN', 1, '2023-05-19 21:20:55', '2023-05-19 21:20:55'),
	(594, '58200', 'EDICIÓN DE PROGRAMAS INFORMÁTICOS (SOFTWARE)', 1, '2023-05-19 21:20:55', '2023-05-19 21:20:55'),
	(595, '59110', 'ACTIVIDADES DE PRODUCCIÓN CINEMATOGRÁFICA', 1, '2023-05-19 21:20:55', '2023-05-19 21:20:55'),
	(596, '59120', 'ACTIVIDADES DE POST PRODUCCIÓN DE PELÍCULAS, VIDEOS Y PROGRAMAS  DE TELEVISIÓN', 1, '2023-05-19 21:20:55', '2023-05-19 21:20:55'),
	(597, '59130', 'ACTIVIDADES DE DISTRIBUCIÓN DE PELÍCULAS CINEMATOGRÁFICAS, VIDEOS Y PROGRAMAS DE TELEVISIÓN', 1, '2023-05-19 21:20:55', '2023-05-19 21:20:55'),
	(598, '59140', 'ACTIVIDADES DE EXHIBICIÓN DE PELÍCULAS CINEMATOGRÁFICAS Y CINTAS DE VÍDEO', 1, '2023-05-19 21:20:55', '2023-05-19 21:20:55'),
	(599, '59200', 'ACTIVIDADES DE EDICIÓN Y GRABACIÓN DE MÚSICA', 1, '2023-05-19 21:20:55', '2023-05-19 21:20:55'),
	(600, '60100', 'SERVICIOS DE DIFUSIONES DE RADIO', 1, '2023-05-19 21:20:55', '2023-05-19 21:20:55'),
	(601, '60201', 'ACTIVIDADES DE PROGRAMACIÓN Y DIFUSIÓN DE TELEVISIÓN ABIERTA', 1, '2023-05-19 21:20:55', '2023-05-19 21:20:55'),
	(602, '60202', 'ACTIVIDADES DE SUSCRIPCIÓN Y DIFUSIÓN DE TELEVISIÓN POR CABLE Y/O SUSCRIPCIÓN', 1, '2023-05-19 21:20:56', '2023-05-19 21:20:56'),
	(603, '60299', 'SERVICIOS DE TELEVISIÓN, INCLUYE TELEVISIÓN POR CABLE', 1, '2023-05-19 21:20:56', '2023-05-19 21:20:56'),
	(604, '60900', 'PROGRAMACIÓN Y TRANSMISIÓN DE RADIO Y TELEVISIÓN', 1, '2023-05-19 21:20:56', '2023-05-19 21:20:56'),
	(605, '61101', 'SERVICIO DE TELEFONÍA', 1, '2023-05-19 21:20:56', '2023-05-19 21:20:56'),
	(606, '61102', 'SERVICIO DE INTERNET', 1, '2023-05-19 21:20:56', '2023-05-19 21:20:56'),
	(607, '61103', 'SERVICIO DE TELEFONÍA FIJA', 1, '2023-05-19 21:20:56', '2023-05-19 21:20:56'),
	(608, '61109', 'SERVICIO DE INTERNET N.C.P.', 1, '2023-05-19 21:20:56', '2023-05-19 21:20:56'),
	(609, '61201', 'SERVICIOS DE TELEFONÍA CELULAR', 1, '2023-05-19 21:20:56', '2023-05-19 21:20:56'),
	(610, '61202', 'SERVICIOS DE INTERNET INALÁMBRICO', 1, '2023-05-19 21:20:56', '2023-05-19 21:20:56'),
	(611, '61209', 'SERVICIOS DE TELECOMUNICACIONES INALÁMBRICO N.C.P.', 1, '2023-05-19 21:20:56', '2023-05-19 21:20:56'),
	(612, '61301', 'TELECOMUNICACIONES SATELITALES', 1, '2023-05-19 21:20:56', '2023-05-19 21:20:56'),
	(613, '61309', 'COMUNICACIÓN VÍA SATÉLITE N.C.P.', 1, '2023-05-19 21:20:56', '2023-05-19 21:20:56'),
	(614, '61900', 'ACTIVIDADES DE TELECOMUNICACIÓN N.C.P.', 1, '2023-05-19 21:20:56', '2023-05-19 21:20:56'),
	(615, '62010', 'PROGRAMACIÓN INFORMÁTICA', 1, '2023-05-19 21:20:56', '2023-05-19 21:20:56'),
	(616, '62020', 'CONSULTORIAS Y GESTIÓN DE SERVICIOS INFORMÁTICOS', 1, '2023-05-19 21:20:56', '2023-05-19 21:20:56'),
	(617, '62090', 'OTRAS ACTIVIDADES DE TECNOLOGÍA DE INFORMACIÓN Y SERVICIOS DE COMPUTADORA', 1, '2023-05-19 21:20:56', '2023-05-19 21:20:56'),
	(618, '63110', 'PROCESAMIENTO DE DATOS Y ACTIVIDADES RELACIONADAS', 1, '2023-05-19 21:20:56', '2023-05-19 21:20:56'),
	(619, '63120', 'PORTALES WEB', 1, '2023-05-19 21:20:56', '2023-05-19 21:20:56'),
	(620, '63910', 'SERVICIOS DE AGENCIAS DE NOTICIAS', 1, '2023-05-19 21:20:56', '2023-05-19 21:20:56'),
	(621, '63990', 'OTROS SERVICIOS DE INFORMACIÓN  N.C.P.', 1, '2023-05-19 21:20:56', '2023-05-19 21:20:56'),
	(622, '64110', 'SERVICIOS PROVISTOS POR EL BANCO CENTRAL DE EL SALVADOR', 1, '2023-05-19 21:20:56', '2023-05-19 21:20:56'),
	(623, '64190', 'BANCOS', 1, '2023-05-19 21:20:56', '2023-05-19 21:20:56'),
	(624, '64192', 'ENTIDADES DEDICADAS AL ENVÍO DE REMESAS', 1, '2023-05-19 21:20:56', '2023-05-19 21:20:56'),
	(625, '64199', 'OTRAS ENTIDADES FINANCIERAS', 1, '2023-05-19 21:20:56', '2023-05-19 21:20:56'),
	(626, '64200', 'ACTIVIDADES DE SOCIEDADES DE CARTERA', 1, '2023-05-19 21:20:56', '2023-05-19 21:20:56'),
	(627, '64300', 'FIDEICOMISOS, FONDOS Y OTRAS FUENTES DE FINANCIAMIENTO', 1, '2023-05-19 21:20:56', '2023-05-19 21:20:56'),
	(628, '64910', 'ARRENDAMIENTO FINANCIEROS', 1, '2023-05-19 21:20:56', '2023-05-19 21:20:56'),
	(629, '64920', 'ASOCIACIONES COOPERATIVAS DE AHORRO Y CRÉDITO DEDICADAS A LA INTERMEDIACIÓN FINANCIERA', 1, '2023-05-19 21:20:56', '2023-05-19 21:20:56'),
	(630, '64921', 'INSTITUCIONES EMISORAS DE TARJETAS DE CRÉDITO Y OTROS', 1, '2023-05-19 21:20:56', '2023-05-19 21:20:56'),
	(631, '64922', 'TIPOS DE CRÉDITO NCP', 1, '2023-05-19 21:20:56', '2023-05-19 21:20:56'),
	(632, '64928', 'PRESTAMISTAS Y CASAS DE EMPEÑO', 1, '2023-05-19 21:20:56', '2023-05-19 21:20:56'),
	(633, '64990', 'ACTIVIDADES DE SERVICIOS FINANCIEROS, EXCEPTO LA FINANCIACIÓN DE PLANES DE SEGUROS Y DE PENSIONES N.', 1, '2023-05-19 21:20:56', '2023-05-19 21:20:56'),
	(634, '65110', 'PLANES DE SEGUROS DE VIDA', 1, '2023-05-19 21:20:56', '2023-05-19 21:20:56'),
	(635, '65120', 'PLANES DE SEGURO EXCEPTO DE VIDA', 1, '2023-05-19 21:20:56', '2023-05-19 21:20:56'),
	(636, '65199', 'SEGUROS GENERALES DE TODO TIPO', 1, '2023-05-19 21:20:56', '2023-05-19 21:20:56'),
	(637, '65200', 'PLANES SE SEGURO', 1, '2023-05-19 21:20:56', '2023-05-19 21:20:56'),
	(638, '65300', 'PLANES DE PENSIONES', 1, '2023-05-19 21:20:56', '2023-05-19 21:20:56'),
	(639, '66110', 'ADMINISTRACIÓN DE MERCADOS FINANCIEROS (BOLSA DE VALORES)', 1, '2023-05-19 21:20:56', '2023-05-19 21:20:56'),
	(640, '66120', 'ACTIVIDADES BURSÁTILES (CORREDORES DE BOLSA)', 1, '2023-05-19 21:20:56', '2023-05-19 21:20:56'),
	(641, '66190', 'ACTIVIDADES AUXILIARES DE LA INTERMEDIACIÓN FINANCIERA NCP', 1, '2023-05-19 21:20:56', '2023-05-19 21:20:56'),
	(642, '66210', 'EVALUACIÓN DE RIESGOS Y DAÑOS', 1, '2023-05-19 21:20:56', '2023-05-19 21:20:56'),
	(643, '66220', 'ACTIVIDADES DE AGENTES Y CORREDORES DE SEGUROS', 1, '2023-05-19 21:20:56', '2023-05-19 21:20:56'),
	(644, '66290', 'OTRAS ACTIVIDADES AUXILIARES DE SEGUROS Y FONDOS DE PENSIONES', 1, '2023-05-19 21:20:56', '2023-05-19 21:20:56'),
	(645, '66300', 'ACTIVIDADES DE ADMINISTRACIÓN DE FONDOS', 1, '2023-05-19 21:20:56', '2023-05-19 21:20:56'),
	(646, '68101', 'SERVICIO DE ALQUILER Y VENTA DE LOTES EN CEMENTERIOS', 1, '2023-05-19 21:20:56', '2023-05-19 21:20:56'),
	(647, '68109', 'ACTIVIDADES INMOBILIARIAS REALIZADAS CON BIENES PROPIOS O ARRENDADOS N.C.P.', 1, '2023-05-19 21:20:56', '2023-05-19 21:20:56'),
	(648, '68200', 'ACTIVIDADES INMOBILIARIAS REALIZADAS A CAMBIO DE UNA RETRIBUCIÓN O POR CONTRATA', 1, '2023-05-19 21:20:56', '2023-05-19 21:20:56'),
	(649, '69100', 'ACTIVIDADES JURÍDICAS', 1, '2023-05-19 21:20:56', '2023-05-19 21:20:56'),
	(650, '69200', 'ACTIVIDADES DE CONTABILIDAD, TENEDURÍA DE LIBROS Y AUDITORÍA; ASESORAMIENTO EN MATERIA DE IMPUESTOS', 1, '2023-05-19 21:20:56', '2023-05-19 21:20:56'),
	(651, '70100', 'ACTIVIDADES DE OFICINAS CENTRALES DE SOCIEDADES DE CARTERA', 1, '2023-05-19 21:20:56', '2023-05-19 21:20:56'),
	(652, '70200', 'ACTIVIDADES DE CONSULTORIA EN GESTIÓN EMPRESARIAL', 1, '2023-05-19 21:20:56', '2023-05-19 21:20:56'),
	(653, '71101', 'SERVICIOS DE ARQUITECTURA Y PLANIFICACIÓN URBANA Y SERVICIOS CONEXOS', 1, '2023-05-19 21:20:56', '2023-05-19 21:20:56'),
	(654, '71102', 'SERVICIOS DE INGENIERÍA', 1, '2023-05-19 21:20:56', '2023-05-19 21:20:56'),
	(655, '71103', 'SERVICIOS DE AGRIMENSURA, TOPOGRAFÍA, CARTOGRAFÍA, PROSPECCIÓN Y GEOFÍSICA Y SERVICIOS CONEXOS', 1, '2023-05-19 21:20:56', '2023-05-19 21:20:56'),
	(656, '71200', 'ENSAYOS Y ANÁLISIS TÉCNICOS', 1, '2023-05-19 21:20:56', '2023-05-19 21:20:56'),
	(657, '72100', 'INVESTIGACIONES Y DESARROLLO EXPERIMENTAL EN EL CAMPO DE LAS CIENCIAS NATURALES Y LA INGENIERÍA', 1, '2023-05-19 21:20:56', '2023-05-19 21:20:56'),
	(658, '72199', 'INVESTIGACIONES CIENTÍFICAS', 1, '2023-05-19 21:20:56', '2023-05-19 21:20:56'),
	(659, '72200', 'INVESTIGACIONES Y DESARROLLO EXPERIMENTAL EN EL CAMPO DE LAS CIENCIAS SOCIALES Y LAS HUMANIDADES CIE', 1, '2023-05-19 21:20:56', '2023-05-19 21:20:56'),
	(660, '73100', 'PUBLICIDAD', 1, '2023-05-19 21:20:56', '2023-05-19 21:20:56'),
	(661, '73200', 'INVESTIGACIÓN DE MERCADOS Y REALIZACIÓN DE ENCUESTAS DE OPINIÓN PÚBLICA', 1, '2023-05-19 21:20:56', '2023-05-19 21:20:56'),
	(662, '74100', 'ACTIVIDADES DE DISEÑO ESPECIALIZADO', 1, '2023-05-19 21:20:56', '2023-05-19 21:20:56'),
	(663, '74200', 'ACTIVIDADES DE FOTOGRAFÍA', 1, '2023-05-19 21:20:56', '2023-05-19 21:20:56'),
	(664, '74900', 'SERVICIOS PROFESIONALES Y CIENTÍFICOS NCP', 1, '2023-05-19 21:20:56', '2023-05-19 21:20:56'),
	(665, '75000', 'ACTIVIDADES VETERINARIAS', 1, '2023-05-19 21:20:56', '2023-05-19 21:20:56'),
	(666, '77101', 'ALQUILER DE EQUIPO DE TRANSPORTE TERRESTRE', 1, '2023-05-19 21:20:56', '2023-05-19 21:20:56'),
	(667, '77102', 'ALQUILER DE EQUIPO DE TRANSPORTE ACUÁTICO', 1, '2023-05-19 21:20:56', '2023-05-19 21:20:56'),
	(668, '77103', 'ALQUILER DE EQUIPO DE TRANSPORTE  POR VÍA AÉREA', 1, '2023-05-19 21:20:56', '2023-05-19 21:20:56'),
	(669, '77210', 'ALQUILER Y ARRENDAMIENTO DE EQUIPO DE RECREO Y DEPORTIVO', 1, '2023-05-19 21:20:56', '2023-05-19 21:20:56'),
	(670, '77220', 'ALQUILER DE CINTAS DE VIDEO Y DISCOS', 1, '2023-05-19 21:20:56', '2023-05-19 21:20:56'),
	(671, '77290', 'ALQUILER DE OTROS EFECTOS PERSONALES Y ENSERES DOMÉSTICOS', 1, '2023-05-19 21:20:56', '2023-05-19 21:20:56'),
	(672, '77300', 'ALQUILER DE MAQUINARIA Y EQUIPO', 1, '2023-05-19 21:20:56', '2023-05-19 21:20:56'),
	(673, '77400', 'ARRENDAMIENTO DE PRODUCTOS DE PROPIEDAD INTELECTUAL', 1, '2023-05-19 21:20:56', '2023-05-19 21:20:56'),
	(674, '78100', 'OBTENCIÓN Y DOTACIÓN DE PERSONAL', 1, '2023-05-19 21:20:56', '2023-05-19 21:20:56'),
	(675, '78200', 'ACTIVIDADES DE LAS AGENCIAS DE TRABAJO TEMPORAL', 1, '2023-05-19 21:20:56', '2023-05-19 21:20:56'),
	(676, '78300', 'DOTACIÓN DE RECURSOS HUMANOS Y GESTIÓN; GESTIÓN DE LAS FUNCIONES DE RECURSOS HUMANOS', 1, '2023-05-19 21:20:56', '2023-05-19 21:20:56'),
	(677, '79110', 'ACTIVIDADES DE AGENCIAS DE VIAJES Y ORGANIZADORES DE VIAJES; ACTIVIDADES DE ASISTENCIA A TURISTAS', 1, '2023-05-19 21:20:56', '2023-05-19 21:20:56'),
	(678, '79120', 'ACTIVIDADES DE LOS OPERADORES TURÍSTICOS', 1, '2023-05-19 21:20:56', '2023-05-19 21:20:56'),
	(679, '79900', 'OTROS SERVICIOS DE RESERVAS Y ACTIVIDADES RELACIONADAS', 1, '2023-05-19 21:20:56', '2023-05-19 21:20:56'),
	(680, '80100', 'SERVICIOS DE SEGURIDAD PRIVADOS', 1, '2023-05-19 21:20:56', '2023-05-19 21:20:56'),
	(681, '80201', 'ACTIVIDADES DE SERVICIOS DE SISTEMAS DE SEGURIDAD', 1, '2023-05-19 21:20:56', '2023-05-19 21:20:56'),
	(682, '80202', 'ACTIVIDADES PARA LA PRESTACIÓN DE SISTEMAS DE SEGURIDAD', 1, '2023-05-19 21:20:56', '2023-05-19 21:20:56'),
	(683, '80300', 'ACTIVIDADES DE INVESTIGACIÓN', 1, '2023-05-19 21:20:56', '2023-05-19 21:20:56'),
	(684, '81100', 'ACTIVIDADES COMBINADAS DE MANTENIMIENTO DE EDIFICIOS E INSTALACIONES', 1, '2023-05-19 21:20:56', '2023-05-19 21:20:56'),
	(685, '81210', 'LIMPIEZA GENERAL DE EDIFICIOS', 1, '2023-05-19 21:20:56', '2023-05-19 21:20:56'),
	(686, '81290', 'OTRAS ACTIVIDADES COMBINADAS DE MANTENIMIENTO DE EDIFICIOS E INSTALACIONES NCP', 1, '2023-05-19 21:20:56', '2023-05-19 21:20:56'),
	(687, '81300', 'SERVICIO DE JARDINERÍA', 1, '2023-05-19 21:20:56', '2023-05-19 21:20:56'),
	(688, '82110', 'SERVICIOS ADMINISTRATIVOS DE OFICINAS', 1, '2023-05-19 21:20:56', '2023-05-19 21:20:56'),
	(689, '82190', 'SERVICIO DE FOTOCOPIADO Y SIMILARES, EXCEPTO EN IMPRENTAS', 1, '2023-05-19 21:20:56', '2023-05-19 21:20:56'),
	(690, '82200', 'ACTIVIDADES DE LAS CENTRALES DE LLAMADAS (CALL CENTER)', 1, '2023-05-19 21:20:56', '2023-05-19 21:20:56'),
	(691, '82300', 'ORGANIZACIÓN DE CONVENCIONES Y FERIAS DE NEGOCIOS', 1, '2023-05-19 21:20:56', '2023-05-19 21:20:56'),
	(692, '82910', 'ACTIVIDADES DE AGENCIAS DE COBRO Y OFICINAS DE CRÉDITO', 1, '2023-05-19 21:20:56', '2023-05-19 21:20:56'),
	(693, '82921', 'SERVICIOS DE ENVASE Y EMPAQUE DE PRODUCTOS ALIMENTICIOS', 1, '2023-05-19 21:20:56', '2023-05-19 21:20:56'),
	(694, '82922', 'SERVICIOS DE ENVASE Y EMPAQUE DE PRODUCTOS MEDICINALES', 1, '2023-05-19 21:20:56', '2023-05-19 21:20:56'),
	(695, '82929', 'SERVICIO DE ENVASE Y EMPAQUE NCP', 1, '2023-05-19 21:20:56', '2023-05-19 21:20:56'),
	(696, '82990', 'ACTIVIDADES DE APOYO EMPRESARIALES NCP', 1, '2023-05-19 21:20:56', '2023-05-19 21:20:56'),
	(697, '84110', 'ACTIVIDADES DE LA ADMINISTRACIÓN PÚBLICA EN GENERAL', 1, '2023-05-19 21:20:56', '2023-05-19 21:20:56'),
	(698, '84111', 'ALCALDÍAS MUNICIPALES', 1, '2023-05-19 21:20:56', '2023-05-19 21:20:56'),
	(699, '84120', 'REGULACIÓN DE LAS ACTIVIDADES DE PRESTACIÓN DE SERVICIOS SANITARIOS, EDUCATIVOS, CULTURALES Y OTROS', 1, '2023-05-19 21:20:56', '2023-05-19 21:20:56'),
	(700, '84130', 'REGULACIÓN Y FACILITACIÓN DE LA ACTIVIDAD ECONÓMICA', 1, '2023-05-19 21:20:56', '2023-05-19 21:20:56'),
	(701, '84210', 'ACTIVIDADES DE ADMINISTRACIÓN Y FUNCIONAMIENTO DEL MINISTERIO DE RELACIONES EXTERIORES', 1, '2023-05-19 21:20:56', '2023-05-19 21:20:56'),
	(702, '84220', 'ACTIVIDADES DE DEFENSA', 1, '2023-05-19 21:20:56', '2023-05-19 21:20:56'),
	(703, '84230', 'ACTIVIDADES DE MANTENIMIENTO DEL ORDEN PÚBLICO Y DE SEGURIDAD', 1, '2023-05-19 21:20:56', '2023-05-19 21:20:56'),
	(704, '84300', 'ACTIVIDADES DE PLANES DE SEGURIDAD SOCIAL DE AFILIACIÓN OBLIGATORIA', 1, '2023-05-19 21:20:56', '2023-05-19 21:20:56'),
	(705, '85101', 'GUARDERÍA EDUCATIVA', 1, '2023-05-19 21:20:56', '2023-05-19 21:20:56'),
	(706, '85102', 'ENSEÑANZA PREESCOLAR O PARVULARIA', 1, '2023-05-19 21:20:56', '2023-05-19 21:20:56'),
	(707, '85103', 'ENSEÑANZA PRIMARIA', 1, '2023-05-19 21:20:56', '2023-05-19 21:20:56'),
	(708, '85104', 'SERVICIO DE EDUCACIÓN PREESCOLAR Y PRIMARIA INTEGRADA', 1, '2023-05-19 21:20:56', '2023-05-19 21:20:56'),
	(709, '85211', 'ENSEÑANZA SECUNDARIA TERCER CICLO (7°, 8° Y 9° )', 1, '2023-05-19 21:20:56', '2023-05-19 21:20:56'),
	(710, '85212', 'ENSEÑANZA SECUNDARIA  DE FORMACIÓN GENERAL  BACHILLERATO', 1, '2023-05-19 21:20:56', '2023-05-19 21:20:56'),
	(711, '85221', 'ENSEÑANZA SECUNDARIA DE FORMACIÓN TÉCNICA Y PROFESIONAL', 1, '2023-05-19 21:20:56', '2023-05-19 21:20:56'),
	(712, '85222', 'ENSEÑANZA SECUNDARIA DE FORMACIÓN TÉCNICA Y PROFESIONAL INTEGRADA CON ENSEÑANZA PRIMARIA', 1, '2023-05-19 21:20:56', '2023-05-19 21:20:56'),
	(713, '85301', 'ENSEÑANZA SUPERIOR UNIVERSITARIA', 1, '2023-05-19 21:20:56', '2023-05-19 21:20:56'),
	(714, '85302', 'ENSEÑANZA SUPERIOR NO UNIVERSITARIA', 1, '2023-05-19 21:20:56', '2023-05-19 21:20:56'),
	(715, '85303', 'ENSEÑANZA SUPERIOR INTEGRADA A EDUCACIÓN SECUNDARIA Y/O PRIMARIA', 1, '2023-05-19 21:20:56', '2023-05-19 21:20:56'),
	(716, '85410', 'EDUCACIÓN DEPORTIVA Y RECREATIVA', 1, '2023-05-19 21:20:56', '2023-05-19 21:20:56'),
	(717, '85420', 'EDUCACIÓN CULTURAL', 1, '2023-05-19 21:20:56', '2023-05-19 21:20:56'),
	(718, '85490', 'OTROS TIPOS DE ENSEÑANZA N.C.P.', 1, '2023-05-19 21:20:56', '2023-05-19 21:20:56'),
	(719, '85499', 'ENSEÑANZA FORMAL', 1, '2023-05-19 21:20:56', '2023-05-19 21:20:56'),
	(720, '85500', 'SERVICIOS DE APOYO A LA ENSEÑANZA', 1, '2023-05-19 21:20:56', '2023-05-19 21:20:56'),
	(721, '86100', 'ACTIVIDADES DE HOSPITALES', 1, '2023-05-19 21:20:56', '2023-05-19 21:20:56'),
	(722, '86201', 'CLÍNICAS MÉDICAS', 1, '2023-05-19 21:20:56', '2023-05-19 21:20:56'),
	(723, '86202', 'SERVICIOS DE ODONTOLOGÍA', 1, '2023-05-19 21:20:56', '2023-05-19 21:20:56'),
	(724, '86203', 'SERVICIOS MÉDICOS', 1, '2023-05-19 21:20:56', '2023-05-19 21:20:56'),
	(725, '86901', 'SERVICIOS DE ANÁLISIS Y ESTUDIOS DE DIAGNÓSTICO', 1, '2023-05-19 21:20:56', '2023-05-19 21:20:56'),
	(726, '86902', 'ACTIVIDADES DE ATENCIÓN DE LA SALUD HUMANA', 1, '2023-05-19 21:20:56', '2023-05-19 21:20:56'),
	(727, '86909', 'OTROS SERVICIO RELACIONADOS CON LA SALUD NCP', 1, '2023-05-19 21:20:56', '2023-05-19 21:20:56'),
	(728, '87100', 'RESIDENCIAS DE ANCIANOS CON ATENCIÓN DE ENFERMERÍA', 1, '2023-05-19 21:20:56', '2023-05-19 21:20:56'),
	(729, '87200', 'INSTITUCIONES DEDICADAS AL TRATAMIENTO DEL RETRASO MENTAL, PROBLEMAS DE SALUD MENTAL Y EL USO INDEBI', 1, '2023-05-19 21:20:56', '2023-05-19 21:20:56'),
	(730, '87300', 'INSTITUCIONES DEDICADAS AL CUIDADO DE ANCIANOS Y DISCAPACITADOS', 1, '2023-05-19 21:20:56', '2023-05-19 21:20:56'),
	(731, '87900', 'ACTIVIDADES DE ASISTENCIA A NIÑOS Y JÓVENES', 1, '2023-05-19 21:20:56', '2023-05-19 21:20:56'),
	(732, '87901', 'OTRAS ACTIVIDADES DE ATENCIÓN EN INSTITUCIONES', 1, '2023-05-19 21:20:56', '2023-05-19 21:20:56'),
	(733, '88100', 'ACTIVIDADES DE ASISTENCIA SOCIALES SIN ALOJAMIENTO PARA ANCIANOS Y DISCAPACITADOS', 1, '2023-05-19 21:20:56', '2023-05-19 21:20:56'),
	(734, '88900', 'SERVICIOS SOCIALES SIN ALOJAMIENTO NCP', 1, '2023-05-19 21:20:56', '2023-05-19 21:20:56'),
	(735, '90000', 'ACTIVIDADES CREATIVAS ARTÍSTICAS Y DE ESPARCIMIENTO', 1, '2023-05-19 21:20:56', '2023-05-19 21:20:56'),
	(736, '91010', 'ACTIVIDADES DE BIBLIOTECAS Y ARCHIVOS', 1, '2023-05-19 21:20:56', '2023-05-19 21:20:56'),
	(737, '91020', 'ACTIVIDADES DE MUSEOS Y PRESERVACIÓN DE LUGARES Y EDIFICIOS HISTÓRICOS', 1, '2023-05-19 21:20:56', '2023-05-19 21:20:56'),
	(738, '91030', 'ACTIVIDADES DE JARDÍNES BOTÁNICOS, ZOOLÓGICOS Y DE RESERVAS NATURALES', 1, '2023-05-19 21:20:56', '2023-05-19 21:20:56'),
	(739, '92000', 'ACTIVIDADES DE JUEGOS Y APUESTAS', 1, '2023-05-19 21:20:56', '2023-05-19 21:20:56'),
	(740, '93110', 'GESTIÓN DE INSTALACIONES DEPORTIVAS', 1, '2023-05-19 21:20:56', '2023-05-19 21:20:56'),
	(741, '93120', 'ACTIVIDADES DE CLUBES DEPORTIVOS', 1, '2023-05-19 21:20:56', '2023-05-19 21:20:56'),
	(742, '93190', 'OTRAS ACTIVIDADES DEPORTIVAS', 1, '2023-05-19 21:20:56', '2023-05-19 21:20:56'),
	(743, '93210', 'ACTIVIDADES DE PARQUES DE ATRACCIONES Y PARQUES TEMÁTICOS', 1, '2023-05-19 21:20:56', '2023-05-19 21:20:56'),
	(744, '93291', 'DISCOTECAS Y SALAS DE BAILE', 1, '2023-05-19 21:20:56', '2023-05-19 21:20:56'),
	(745, '93298', 'CENTROS VACACIONALES', 1, '2023-05-19 21:20:56', '2023-05-19 21:20:56'),
	(746, '93299', 'ACTIVIDADES DE ESPARCIMIENTO NCP', 1, '2023-05-19 21:20:56', '2023-05-19 21:20:56'),
	(747, '94110', 'ACTIVIDADES DE ORGANIZACIONES EMPRESARIALES Y DE EMPLEADORES', 1, '2023-05-19 21:20:56', '2023-05-19 21:20:56'),
	(748, '94120', 'ACTIVIDADES DE ORGANIZACIONES PROFESIONALES', 1, '2023-05-19 21:20:56', '2023-05-19 21:20:56'),
	(749, '94200', 'ACTIVIDADES DE SINDICATOS', 1, '2023-05-19 21:20:56', '2023-05-19 21:20:56'),
	(750, '94910', 'ACTIVIDADES DE ORGANIZACIONES RELIGIOSAS', 1, '2023-05-19 21:20:56', '2023-05-19 21:20:56'),
	(751, '94920', 'ACTIVIDADES DE ORGANIZACIONES POLÍTICAS', 1, '2023-05-19 21:20:56', '2023-05-19 21:20:56'),
	(752, '94990', 'ACTIVIDADES DE ASOCIACIONES N.C.P.', 1, '2023-05-19 21:20:56', '2023-05-19 21:20:56'),
	(753, '95110', 'REPARACIÓN DE COMPUTADORAS Y EQUIPO PERIFÉRICO', 1, '2023-05-19 21:20:56', '2023-05-19 21:20:56'),
	(754, '95120', 'REPARACIÓN DE EQUIPO DE COMUNICACIÓN', 1, '2023-05-19 21:20:56', '2023-05-19 21:20:56'),
	(755, '95210', 'REPARACIÓN DE APARATOS ELECTRÓNICOS DE CONSUMO', 1, '2023-05-19 21:20:56', '2023-05-19 21:20:56'),
	(756, '95220', 'REPARACIÓN DE APARATOS DOMÉSTICO Y EQUIPO DE HOGAR Y JARDÍN', 1, '2023-05-19 21:20:56', '2023-05-19 21:20:56'),
	(757, '95230', 'REPARACIÓN DE CALZADO Y ARTÍCULOS DE CUERO', 1, '2023-05-19 21:20:56', '2023-05-19 21:20:56'),
	(758, '95240', 'REPARACIÓN DE MUEBLES Y ACCESORIOS PARA EL HOGAR', 1, '2023-05-19 21:20:56', '2023-05-19 21:20:56'),
	(759, '95291', 'REPARACIÓN DE INSTRUMENTOS MUSICALES', 1, '2023-05-19 21:20:56', '2023-05-19 21:20:56'),
	(760, '95292', 'SERVICIOS DE CERRAJERÍA Y COPIADO DE LLAVES', 1, '2023-05-19 21:20:56', '2023-05-19 21:20:56'),
	(761, '95293', 'REPARACIÓN DE JOYAS Y RELOJES', 1, '2023-05-19 21:20:56', '2023-05-19 21:20:56'),
	(762, '95294', 'REPARACIÓN DE BICICLETAS, SILLAS DE RUEDAS Y RODADOS N.C.P.', 1, '2023-05-19 21:20:56', '2023-05-19 21:20:56'),
	(763, '95299', 'REPARACIONES DE ENSERES PERSONALES N.C.P.', 1, '2023-05-19 21:20:56', '2023-05-19 21:20:56'),
	(764, '96010', 'LAVADO Y LIMPIEZA DE PRENDAS DE TELA Y DE PIEL, INCLUSO LA LIMPIEZA EN SECO', 1, '2023-05-19 21:20:56', '2023-05-19 21:20:56'),
	(765, '96020', 'PELUQUERÍA Y OTROS TRATAMIENTOS DE BELLEZA', 1, '2023-05-19 21:20:56', '2023-05-19 21:20:56'),
	(766, '96030', 'POMPAS FÚNEBRES Y ACTIVIDADES CONEXAS', 1, '2023-05-19 21:20:56', '2023-05-19 21:20:56'),
	(767, '96091', 'SERVICIOS DE SAUNA Y OTROS SERVICIOS PARA LA ESTÉTICA CORPORAL N.C.P.', 1, '2023-05-19 21:20:56', '2023-05-19 21:20:56'),
	(768, '96092', 'SERVICIOS N.C.P.', 1, '2023-05-19 21:20:56', '2023-05-19 21:20:56'),
	(769, '97000', 'ACTIVIDAD DE LOS HOGARES EN CALIDAD DE EMPLEADORES DE PERSONAL DOMÉSTICO', 1, '2023-05-19 21:20:56', '2023-05-19 21:20:56'),
	(770, '98100', 'ACTIVIDADES INDIFERENCIADAS DE PRODUCCIÓN DE BIENES DE LOS HOGARES PRIVADOS PARA USO PROPIO', 1, '2023-05-19 21:20:56', '2023-05-19 21:20:56'),
	(771, '98200', 'ACTIVIDADES INDIFERENCIADAS DE PRODUCCIÓN DE SERVICIOS DE LOS HOGARES PRIVADOS PARA USO PROPIO', 1, '2023-05-19 21:20:56', '2023-05-19 21:20:56'),
	(772, '99000', 'ACTIVIDADES DE ORGANIZACIONES Y ÓRGANOS EXTRATERRITORIALES', 1, '2023-05-19 21:20:56', '2023-05-19 21:20:56');

-- Volcando estructura para tabla inet.failed_jobs
CREATE TABLE IF NOT EXISTS `failed_jobs` (
  `id` bigint unsigned NOT NULL AUTO_INCREMENT,
  `uuid` varchar(255) COLLATE utf8mb4_unicode_ci NOT NULL,
  `connection` text COLLATE utf8mb4_unicode_ci NOT NULL,
  `queue` text COLLATE utf8mb4_unicode_ci NOT NULL,
  `payload` longtext COLLATE utf8mb4_unicode_ci NOT NULL,
  `exception` longtext COLLATE utf8mb4_unicode_ci NOT NULL,
  `failed_at` timestamp NOT NULL DEFAULT CURRENT_TIMESTAMP,
  PRIMARY KEY (`id`),
  UNIQUE KEY `failed_jobs_uuid_unique` (`uuid`)
) ENGINE=InnoDB DEFAULT CHARSET=utf8mb4 COLLATE=utf8mb4_unicode_ci;

-- Volcando datos para la tabla inet.failed_jobs: ~0 rows (aproximadamente)
DELETE FROM `failed_jobs`;

-- Volcando estructura para tabla inet.iva
CREATE TABLE IF NOT EXISTS `iva` (
  `id` bigint unsigned NOT NULL AUTO_INCREMENT,
  `valor` varchar(255) COLLATE utf8mb4_unicode_ci NOT NULL,
  `valor_entre` varchar(255) COLLATE utf8mb4_unicode_ci NOT NULL,
  `retenido` varchar(255) COLLATE utf8mb4_unicode_ci NOT NULL,
  `percibido` varchar(255) COLLATE utf8mb4_unicode_ci NOT NULL,
  `company_id` bigint unsigned DEFAULT NULL,
  `created_at` timestamp NULL DEFAULT NULL,
  `updated_at` timestamp NULL DEFAULT NULL,
  PRIMARY KEY (`id`),
  KEY `iva_company_id_foreign` (`company_id`),
  CONSTRAINT `iva_company_id_foreign` FOREIGN KEY (`company_id`) REFERENCES `companies` (`id`) ON DELETE CASCADE
) ENGINE=InnoDB DEFAULT CHARSET=utf8mb4 COLLATE=utf8mb4_unicode_ci;

-- Volcando datos para la tabla inet.iva: ~0 rows (aproximadamente)
DELETE FROM `iva`;

-- Volcando estructura para tabla inet.migrations
CREATE TABLE IF NOT EXISTS `migrations` (
  `id` int unsigned NOT NULL AUTO_INCREMENT,
  `migration` varchar(255) COLLATE utf8mb4_unicode_ci NOT NULL,
  `batch` int NOT NULL,
  PRIMARY KEY (`id`)
) ENGINE=InnoDB AUTO_INCREMENT=178 DEFAULT CHARSET=utf8mb4 COLLATE=utf8mb4_unicode_ci;

-- Volcando datos para la tabla inet.migrations: ~23 rows (aproximadamente)
DELETE FROM `migrations`;
INSERT INTO `migrations` (`id`, `migration`, `batch`) VALUES
	(155, '2014_10_12_000000_create_users_table', 1),
	(156, '2014_10_12_100000_create_password_resets_table', 1),
	(157, '2019_08_19_000000_create_failed_jobs_table', 1),
	(158, '2019_12_14_000001_create_personal_access_tokens_table', 1),
	(159, '2023_02_10_164655_create_countries_table', 1),
	(160, '2023_02_10_164751_create_departments_table', 1),
	(161, '2023_02_10_164851_create_municipalities_table', 1),
	(162, '2023_02_10_174111_create_economicactivities_table', 1),
	(163, '2023_02_10_192911_create_phones_table', 1),
	(164, '2023_02_10_192927_create_addresses_table', 1),
	(165, '2023_02_11_174427_create_companies_table', 1),
	(166, '2023_02_11_174627_create_clients_table', 1),
	(167, '2023_02_21_192708_create_permission_tables', 1),
	(168, '2023_02_22_180056_create_permission_company', 1),
	(169, '2023_03_08_140140_create_providers_table', 1),
	(170, '2023_03_08_150046_create_products_table', 1),
	(171, '2023_03_17_130335_create_typedocuments_table', 1),
	(172, '2023_03_17_142741_create_sales_table', 1),
	(173, '2023_03_17_142830_create_salesdetails_table', 1),
	(174, '2023_03_17_155030_create_catlists_table', 1),
	(175, '2023_03_17_155345_create_catdetails_table', 1),
	(176, '2023_05_12_162531_create_iva_table', 1),
	(177, '2023_05_16_163409_create_purchase_table', 1);

-- Volcando estructura para tabla inet.model_has_permissions
CREATE TABLE IF NOT EXISTS `model_has_permissions` (
  `permission_id` bigint unsigned NOT NULL,
  `model_type` varchar(255) COLLATE utf8mb4_unicode_ci NOT NULL,
  `model_id` bigint unsigned NOT NULL,
  PRIMARY KEY (`permission_id`,`model_id`,`model_type`),
  KEY `model_has_permissions_model_id_model_type_index` (`model_id`,`model_type`),
  CONSTRAINT `model_has_permissions_permission_id_foreign` FOREIGN KEY (`permission_id`) REFERENCES `permissions` (`id`) ON DELETE CASCADE
) ENGINE=InnoDB DEFAULT CHARSET=utf8mb4 COLLATE=utf8mb4_unicode_ci;

-- Volcando datos para la tabla inet.model_has_permissions: ~0 rows (aproximadamente)
DELETE FROM `model_has_permissions`;

-- Volcando estructura para tabla inet.model_has_roles
CREATE TABLE IF NOT EXISTS `model_has_roles` (
  `role_id` bigint unsigned NOT NULL,
  `model_type` varchar(255) COLLATE utf8mb4_unicode_ci NOT NULL,
  `model_id` bigint unsigned NOT NULL,
  PRIMARY KEY (`role_id`,`model_id`,`model_type`),
  KEY `model_has_roles_model_id_model_type_index` (`model_id`,`model_type`),
  CONSTRAINT `model_has_roles_role_id_foreign` FOREIGN KEY (`role_id`) REFERENCES `roles` (`id`) ON DELETE CASCADE
) ENGINE=InnoDB DEFAULT CHARSET=utf8mb4 COLLATE=utf8mb4_unicode_ci;

-- Volcando datos para la tabla inet.model_has_roles: ~0 rows (aproximadamente)
DELETE FROM `model_has_roles`;
INSERT INTO `model_has_roles` (`role_id`, `model_type`, `model_id`) VALUES
	(1, 'App\\Models\\User', 1);

-- Volcando estructura para tabla inet.municipalities
CREATE TABLE IF NOT EXISTS `municipalities` (
  `id` bigint unsigned NOT NULL AUTO_INCREMENT,
  `code` varchar(255) COLLATE utf8mb4_unicode_ci NOT NULL,
  `name` varchar(255) COLLATE utf8mb4_unicode_ci NOT NULL,
  `district` varchar(255) COLLATE utf8mb4_unicode_ci NOT NULL,
  `title` varchar(255) COLLATE utf8mb4_unicode_ci NOT NULL,
  `zipcode` varchar(255) COLLATE utf8mb4_unicode_ci NOT NULL,
  `department_id` bigint unsigned DEFAULT NULL,
  `created_at` timestamp NULL DEFAULT NULL,
  `updated_at` timestamp NULL DEFAULT NULL,
  PRIMARY KEY (`id`),
  KEY `municipalities_department_id_foreign` (`department_id`),
  CONSTRAINT `municipalities_department_id_foreign` FOREIGN KEY (`department_id`) REFERENCES `departments` (`id`) ON DELETE CASCADE
) ENGINE=InnoDB AUTO_INCREMENT=263 DEFAULT CHARSET=utf8mb4 COLLATE=utf8mb4_unicode_ci;

-- Volcando datos para la tabla inet.municipalities: ~262 rows (aproximadamente)
DELETE FROM `municipalities`;
INSERT INTO `municipalities` (`id`, `code`, `name`, `district`, `title`, `zipcode`, `department_id`, `created_at`, `updated_at`) VALUES
	(1, '01', 'AHUACHAPÁN', 'Ahuachapán', 'Ciudad', 'CP 2101', 1, '2023-05-19 21:20:54', '2023-05-19 21:20:54'),
	(2, '02', 'APANECA', 'Ahuachapán', 'Villa', 'CP 2102', 1, '2023-05-19 21:20:54', '2023-05-19 21:20:54'),
	(3, '03', 'ATIQUIZAYA', 'Atiquizaya', 'Ciudad', 'CP 2103', 1, '2023-05-19 21:20:54', '2023-05-19 21:20:54'),
	(4, '04', 'CONCEPCIÓN DE ATACO', 'Ahuachapán', 'Ciudad', 'CP 2106', 1, '2023-05-19 21:20:54', '2023-05-19 21:20:54'),
	(5, '05', 'EL REFUGIO', 'Atiquizaya', 'Pueblo', 'CP 2107', 1, '2023-05-19 21:20:54', '2023-05-19 21:20:54'),
	(6, '06', 'GUAYMANGO', 'Ahuachapán', 'Pueblo', 'CP 2108', 1, '2023-05-19 21:20:54', '2023-05-19 21:20:54'),
	(7, '07', 'JUJUTLA', 'Ahuachapán', 'Villa', 'CP 2109', 1, '2023-05-19 21:20:54', '2023-05-19 21:20:54'),
	(8, '08', 'SAN FRANCISCO MENÉNDEZ', 'Ahuachapán', 'Pueblo', 'CP 2113', 1, '2023-05-19 21:20:54', '2023-05-19 21:20:54'),
	(9, '09', 'SAN LORENZO', 'Atiquizaya', 'Pueblo', 'CP 2115', 1, '2023-05-19 21:20:54', '2023-05-19 21:20:54'),
	(10, '10', 'SAN PEDRO PUXTLA', 'Ahuachapán', 'Villa', 'CP 2116', 1, '2023-05-19 21:20:54', '2023-05-19 21:20:54'),
	(11, '11', 'TACUBA', 'Ahuachapán', 'Ciudad', 'CP 2117', 1, '2023-05-19 21:20:54', '2023-05-19 21:20:54'),
	(12, '12', 'TURÍN', 'Atiquizaya', 'Pueblo', 'CP 2118', 1, '2023-05-19 21:20:54', '2023-05-19 21:20:54'),
	(13, '01', 'CANDELARIA DE LA FRONTERA', 'Chalchuapa', 'Villa', '', 2, '2023-05-19 21:20:54', '2023-05-19 21:20:54'),
	(14, '02', 'COATEPEQUE', 'Santa Ana', 'Ciudad', '', 2, '2023-05-19 21:20:54', '2023-05-19 21:20:54'),
	(15, '03', 'CHALCHUAPA', 'Chalchuapa', 'Ciudad', 'CP 2205', 2, '2023-05-19 21:20:54', '2023-05-19 21:20:54'),
	(16, '04', 'EL CONGO', 'Santa Ana', 'Villa', '', 2, '2023-05-19 21:20:54', '2023-05-19 21:20:54'),
	(17, '05', 'EL PORVENIR', 'Chalchuapa', 'Pueblo', '', 2, '2023-05-19 21:20:54', '2023-05-19 21:20:54'),
	(18, '06', 'MASAHUAT', 'Metapán', 'Pueblo', '', 2, '2023-05-19 21:20:54', '2023-05-19 21:20:54'),
	(19, '07', 'METAPÁN', 'Metapán', 'Ciudad', '', 2, '2023-05-19 21:20:54', '2023-05-19 21:20:54'),
	(20, '08', 'SAN ANTONIO PAJONAL', 'Chalchuapa', 'Pueblo', '', 2, '2023-05-19 21:20:54', '2023-05-19 21:20:54'),
	(21, '09', 'SAN SEBASTIÁN SALITRILLO', 'Chalchuapa', 'Pueblo', 'CP 2215', 2, '2023-05-19 21:20:54', '2023-05-19 21:20:54'),
	(22, '10', 'SANTA ANA', 'Santa Ana', 'Ciudad', 'CP 2201', 2, '2023-05-19 21:20:54', '2023-05-19 21:20:54'),
	(23, '11', 'SANTA ROSA GUACHIPILÍN', 'Metapán', 'Pueblo', '', 2, '2023-05-19 21:20:54', '2023-05-19 21:20:54'),
	(24, '12', 'SANTIAGO DE LA FRONTERA', 'Metapán', 'Pueblo', '', 2, '2023-05-19 21:20:54', '2023-05-19 21:20:54'),
	(25, '13', 'TEXISTEPEQUE', 'Santa Ana', 'Ciudad', '', 2, '2023-05-19 21:20:54', '2023-05-19 21:20:54'),
	(26, '01', 'ACAJUTLA', 'Sonsonate', 'Ciudad', '', 3, '2023-05-19 21:20:54', '2023-05-19 21:20:54'),
	(27, '02', 'ARMENIA', 'Izalco', 'Ciudad', '', 3, '2023-05-19 21:20:54', '2023-05-19 21:20:54'),
	(28, '03', 'CALUCO', 'Izalco', 'Pueblo', '', 3, '2023-05-19 21:20:54', '2023-05-19 21:20:54'),
	(29, '04', 'CUISNAHUAT', 'Izalco', 'Pueblo', '', 3, '2023-05-19 21:20:54', '2023-05-19 21:20:54'),
	(30, '05', 'SANTA ISABEL ISHUATÁN', 'Izalco', 'Villa', '', 3, '2023-05-19 21:20:54', '2023-05-19 21:20:54'),
	(31, '06', 'IZALCO', 'Izalco', 'Ciudad', '', 3, '2023-05-19 21:20:54', '2023-05-19 21:20:54'),
	(32, '07', 'JUAYÚA', 'Juayúa', 'Ciudad', 'CP 2307', 3, '2023-05-19 21:20:54', '2023-05-19 21:20:54'),
	(33, '08', 'NAHUIZALCO', 'Sonsonate', 'Ciudad', '', 3, '2023-05-19 21:20:54', '2023-05-19 21:20:54'),
	(34, '09', 'NAHULINGO', 'Sonsonate', 'Pueblo', '', 3, '2023-05-19 21:20:54', '2023-05-19 21:20:54'),
	(35, '10', 'SALCOATITÁN', 'Juayúa', 'Pueblo', '', 3, '2023-05-19 21:20:54', '2023-05-19 21:20:54'),
	(36, '11', 'SAN ANTONIO DEL MONTE', 'Sonsonate', 'Villa', '', 3, '2023-05-19 21:20:54', '2023-05-19 21:20:54'),
	(37, '12', 'SAN JULIÁN', 'Izalco', 'Ciudad', '', 3, '2023-05-19 21:20:54', '2023-05-19 21:20:54'),
	(38, '13', 'SANTA CATARINA MASAHUAT', 'Juayúa', 'Pueblo', '', 3, '2023-05-19 21:20:54', '2023-05-19 21:20:54'),
	(39, '14', 'SANTO DOMINGO DE GUZMÁN', 'Sonsonate', 'Pueblo', '', 3, '2023-05-19 21:20:54', '2023-05-19 21:20:54'),
	(40, '15', 'SONSONATE', 'Sonsonate', 'Ciudad', 'CP 2301', 3, '2023-05-19 21:20:54', '2023-05-19 21:20:54'),
	(41, '16', 'SONZACATE', 'Sonsonate', 'Pueblo', 'CP 2320', 3, '2023-05-19 21:20:54', '2023-05-19 21:20:54'),
	(42, '01', 'AGUA CALIENTE', 'Tejutla', 'Villa', '', 4, '2023-05-19 21:20:54', '2023-05-19 21:20:54'),
	(43, '02', 'ARCATAO', 'Chalatenango', 'Ciudad', '', 4, '2023-05-19 21:20:54', '2023-05-19 21:20:54'),
	(44, '03', 'AZACUALPA', 'Chalatenango', 'Pueblo', '', 4, '2023-05-19 21:20:54', '2023-05-19 21:20:54'),
	(45, '04', 'CITALÁ', 'Tejutla', 'Villa', '', 4, '2023-05-19 21:20:54', '2023-05-19 21:20:54'),
	(46, '05', 'COMALAPA', 'Dulce Nombre de María', 'Pueblo', '', 4, '2023-05-19 21:20:54', '2023-05-19 21:20:54'),
	(47, '06', 'CONCEPCIÓN QUEZALTEPEQUE', 'Chalatenango', 'Villa', '', 4, '2023-05-19 21:20:54', '2023-05-19 21:20:54'),
	(48, '07', 'CHALATENANGO', 'Chalatenango', 'Ciudad', 'CP 1301', 4, '2023-05-19 21:20:54', '2023-05-19 21:20:54'),
	(49, '08', 'DULCE NOMBRE DE MARÍA', 'Dulce Nombre de María', 'Ciudad', '', 4, '2023-05-19 21:20:54', '2023-05-19 21:20:54'),
	(50, '09', 'EL CARRIZAL', 'Chalatenango', 'Pueblo', '', 4, '2023-05-19 21:20:54', '2023-05-19 21:20:54'),
	(51, '10', 'EL PARAÍSO', 'Dulce Nombre de María', 'Pueblo', '', 4, '2023-05-19 21:20:54', '2023-05-19 21:20:54'),
	(52, '11', 'LA LAGUNA', 'Dulce Nombre de María', 'Pueblo', '', 4, '2023-05-19 21:20:54', '2023-05-19 21:20:54'),
	(53, '12', 'LA PALMA', 'Tejutla', 'Ciudad', '', 4, '2023-05-19 21:20:54', '2023-05-19 21:20:54'),
	(54, '13', 'LA REINA', 'Tejutla', 'Villa', '', 4, '2023-05-19 21:20:54', '2023-05-19 21:20:54'),
	(55, '14', 'LAS VUELTAS', 'Chalatenango', 'Pueblo', '', 4, '2023-05-19 21:20:54', '2023-05-19 21:20:54'),
	(56, '15', 'NOMBRE DE JESÚS', 'Chalatenango', 'Pueblo', '', 4, '2023-05-19 21:20:54', '2023-05-19 21:20:54'),
	(57, '16', 'NUEVA CONCEPCIÓN', 'Tejutla', 'Ciudad', '', 4, '2023-05-19 21:20:54', '2023-05-19 21:20:54'),
	(58, '17', 'NUEVA TRINIDAD', 'Chalatenango', 'Pueblo', '', 4, '2023-05-19 21:20:54', '2023-05-19 21:20:54'),
	(59, '18', 'OJOS DE AGUA', 'Chalatenango', 'Pueblo', '', 4, '2023-05-19 21:20:54', '2023-05-19 21:20:54'),
	(60, '19', 'POTONICO', 'Chalatenango', 'Pueblo', '', 4, '2023-05-19 21:20:54', '2023-05-19 21:20:54'),
	(61, '20', 'SAN ANTONIO DE LA CRUZ', 'Chalatenango', 'Pueblo', '', 4, '2023-05-19 21:20:54', '2023-05-19 21:20:54'),
	(62, '21', 'SAN ANTONIO LOS RANCHOS', 'Chalatenango', 'Pueblo', '', 4, '2023-05-19 21:20:54', '2023-05-19 21:20:54'),
	(63, '22', 'SAN FERNANDO', 'Dulce Nombre de María', 'Villa', '', 4, '2023-05-19 21:20:54', '2023-05-19 21:20:54'),
	(64, '23', 'SAN FRANCISCO LEMPA', 'Chalatenango', 'Villa', '', 4, '2023-05-19 21:20:54', '2023-05-19 21:20:54'),
	(65, '24', 'SAN FRANCISCO MORAZÁN', 'Dulce Nombre de María', 'Pueblo', '', 4, '2023-05-19 21:20:54', '2023-05-19 21:20:54'),
	(66, '25', 'SAN IGNACIO', 'Tejutla', 'Villa', '', 4, '2023-05-19 21:20:54', '2023-05-19 21:20:54'),
	(67, '26', 'SAN ISIDRO LABRADOR', 'Chalatenango', 'Villa', 'CP 1330', 4, '2023-05-19 21:20:54', '2023-05-19 21:20:54'),
	(68, '27', 'SAN JOSÉ CANCASQUE / CANCASQUE', 'Chalatenango', 'Pueblo', '', 4, '2023-05-19 21:20:54', '2023-05-19 21:20:54'),
	(69, '28', 'SAN JOSÉ LAS FLORES / LAS FLORES', 'Chalatenango', 'Pueblo', '', 4, '2023-05-19 21:20:54', '2023-05-19 21:20:54'),
	(70, '29', 'SAN LUIS DEL CARMEN', 'Chalatenango', 'Pueblo', '', 4, '2023-05-19 21:20:54', '2023-05-19 21:20:54'),
	(71, '30', 'SAN MIGUEL DE MERCEDES', 'Chalatenango', 'Villa', '', 4, '2023-05-19 21:20:54', '2023-05-19 21:20:54'),
	(72, '31', 'SAN RAFAEL', 'Dulce Nombre de María', 'Pueblo', '', 4, '2023-05-19 21:20:54', '2023-05-19 21:20:54'),
	(73, '32', 'SANTA RITA', 'Dulce Nombre de María', 'Pueblo', '', 4, '2023-05-19 21:20:54', '2023-05-19 21:20:54'),
	(74, '33', 'TEJUTLA', 'Tejutla', 'Ciudad', '', 4, '2023-05-19 21:20:54', '2023-05-19 21:20:54'),
	(75, '01', 'ANTIGUO CUSCATLÁN', 'Santa Tecla', 'Ciudad', 'CP 1502', 5, '2023-05-19 21:20:54', '2023-05-19 21:20:54'),
	(76, '02', 'CIUDAD ARCE', 'San Juan Opico', 'Ciudad', '', 5, '2023-05-19 21:20:54', '2023-05-19 21:20:54'),
	(77, '03', 'COLÓN', 'Santa Tecla', 'Villa', 'CP 1512', 5, '2023-05-19 21:20:54', '2023-05-19 21:20:54'),
	(78, '04', 'COMASAGUA', 'Santa Tecla', 'Villa', '', 5, '2023-05-19 21:20:54', '2023-05-19 21:20:54'),
	(79, '05', 'CHILTIUPÁN', 'Santa Tecla', 'Pueblo', '', 5, '2023-05-19 21:20:54', '2023-05-19 21:20:54'),
	(80, '06', 'HUIZÚCAR', 'Santa Tecla', 'Villa', '', 5, '2023-05-19 21:20:54', '2023-05-19 21:20:54'),
	(81, '07', 'JAYAQUE', 'Santa Tecla', 'Ciudad', '', 5, '2023-05-19 21:20:54', '2023-05-19 21:20:54'),
	(82, '08', 'JICALAPA', 'Santa Tecla', 'Pueblo', '', 5, '2023-05-19 21:20:54', '2023-05-19 21:20:54'),
	(83, '09', 'LA LIBERTAD', 'Santa Tecla', 'Ciudad', 'CP 1511', 5, '2023-05-19 21:20:54', '2023-05-19 21:20:54'),
	(84, '10', 'NUEVO CUSCATLÁN', 'Santa Tecla', 'Pueblo', 'CP 1513', 5, '2023-05-19 21:20:54', '2023-05-19 21:20:54'),
	(85, '11', 'SANTA TECLA (NUEVA SAN SALVADOR)', 'Santa Tecla', 'Ciudad', 'CP 1501', 5, '2023-05-19 21:20:54', '2023-05-19 21:20:54'),
	(86, '12', 'QUEZALTEPEQUE', 'Quezaltepeque', 'Ciudad', '', 5, '2023-05-19 21:20:54', '2023-05-19 21:20:54'),
	(87, '13', 'SACACOYO', 'Santa Tecla', 'Pueblo', '', 5, '2023-05-19 21:20:54', '2023-05-19 21:20:54'),
	(88, '14', 'SAN JOSÉ VILLANUEVA', 'Santa Tecla', 'Pueblo', '', 5, '2023-05-19 21:20:54', '2023-05-19 21:20:54'),
	(89, '15', 'SAN JUAN OPICO', 'San Juan Opico', 'Ciudad', '', 5, '2023-05-19 21:20:54', '2023-05-19 21:20:54'),
	(90, '16', 'SAN MATÍAS', 'San Juan Opico', 'Villa', '', 5, '2023-05-19 21:20:54', '2023-05-19 21:20:54'),
	(91, '17', 'SAN PABLO TACACHICO', 'Quezaltepeque', 'Villa', '', 5, '2023-05-19 21:20:54', '2023-05-19 21:20:54'),
	(92, '18', 'TAMANIQUE', 'Santa Tecla', 'Pueblo', 'CP 1522', 5, '2023-05-19 21:20:54', '2023-05-19 21:20:54'),
	(93, '19', 'TALNIQUE', 'Santa Tecla', 'Pueblo', '', 5, '2023-05-19 21:20:54', '2023-05-19 21:20:54'),
	(94, '20', 'TEOTEPEQUE', 'Santa Tecla', 'Villa', '', 5, '2023-05-19 21:20:54', '2023-05-19 21:20:54'),
	(95, '21', 'TEPECOYO', 'Santa Tecla', 'Villa', '', 5, '2023-05-19 21:20:54', '2023-05-19 21:20:54'),
	(96, '22', 'ZARAGOZA', 'Santa Tecla', 'Ciudad', '', 5, '2023-05-19 21:20:54', '2023-05-19 21:20:54'),
	(97, '01', 'AGUILARES', 'Tonacatepeque', 'Ciudad', 'CP 1122', 6, '2023-05-19 21:20:54', '2023-05-19 21:20:54'),
	(98, '02', 'APOPA', 'Tonacatepeque', 'Ciudad', 'CP 1123', 6, '2023-05-19 21:20:54', '2023-05-19 21:20:54'),
	(99, '03', 'AYUTUXTEPEQUE', 'San Salvador', 'Ciudad', 'CP 1121', 6, '2023-05-19 21:20:54', '2023-05-19 21:20:54'),
	(100, '04', 'CUSCATANCINGO', 'San Salvador', 'Ciudad', 'CP 1119', 6, '2023-05-19 21:20:54', '2023-05-19 21:20:54'),
	(101, '05', 'EL PAISNAL', 'Tonacatepeque', 'Villa', 'CP 1124', 6, '2023-05-19 21:20:54', '2023-05-19 21:20:54'),
	(102, '06', 'GUAZAPA', 'Tonacatepeque', 'Ciudad', 'CP 1125', 6, '2023-05-19 21:20:54', '2023-05-19 21:20:54'),
	(103, '07', 'ILOPANGO', 'Tonacatepeque', 'Ciudad', 'CP 1117', 6, '2023-05-19 21:20:54', '2023-05-19 21:20:54'),
	(104, '08', 'MEJICANOS', 'San Salvador', 'Ciudad', 'CP 1120', 6, '2023-05-19 21:20:54', '2023-05-19 21:20:54'),
	(105, '09', 'NEJAPA', 'Tonacatepeque', 'Ciudad', 'CP 1126', 6, '2023-05-19 21:20:54', '2023-05-19 21:20:54'),
	(106, '10', 'PANCHIMALCO', 'Santo Tomás', 'Villa', 'CP 1127', 6, '2023-05-19 21:20:54', '2023-05-19 21:20:54'),
	(107, '11', 'ROSARIO DE MORA', 'Santo Tomás', 'Pueblo', 'CP 1128', 6, '2023-05-19 21:20:54', '2023-05-19 21:20:54'),
	(108, '12', 'SAN MARCOS', 'Santo Tomás', 'Ciudad', 'CP 1115', 6, '2023-05-19 21:20:54', '2023-05-19 21:20:54'),
	(109, '13', 'SAN MARTÍN', 'Tonacatepeque', 'Ciudad', 'CP 1129', 6, '2023-05-19 21:20:54', '2023-05-19 21:20:54'),
	(110, '14', 'SAN SALVADOR', 'San Salvador', 'Ciudad', 'CP 1101', 6, '2023-05-19 21:20:54', '2023-05-19 21:20:54'),
	(111, '15', 'SANTIAGO TEXACUANGOS', 'Santo Tomás', 'Villa', 'CP 1130', 6, '2023-05-19 21:20:54', '2023-05-19 21:20:54'),
	(112, '16', 'SANTO TOMÁS', 'Santo Tomás', 'Ciudad', 'CP 1131', 6, '2023-05-19 21:20:54', '2023-05-19 21:20:54'),
	(113, '17', 'SOYAPANGO', 'San Salvador', 'Ciudad', 'CP 1116', 6, '2023-05-19 21:20:54', '2023-05-19 21:20:54'),
	(114, '18', 'TONACATEPEQUE', 'Tonacatepeque', 'Ciudad', 'CP 1132', 6, '2023-05-19 21:20:54', '2023-05-19 21:20:54'),
	(115, '19', 'CIUDAD DELGADO', 'San Salvador', 'Ciudad', 'CP 1118', 6, '2023-05-19 21:20:54', '2023-05-19 21:20:54'),
	(116, '01', 'CANDELARIA', 'Cojutepeque', 'Villa', '', 7, '2023-05-19 21:20:54', '2023-05-19 21:20:54'),
	(117, '02', 'COJUTEPEQUE', 'Cojutepeque', 'Ciudad', 'CP 1401', 7, '2023-05-19 21:20:54', '2023-05-19 21:20:54'),
	(118, '03', 'EL CARMEN', 'Cojutepeque', 'Pueblo', '', 7, '2023-05-19 21:20:54', '2023-05-19 21:20:54'),
	(119, '04', 'EL ROSARIO', 'Cojutepeque', 'Pueblo', '', 7, '2023-05-19 21:20:54', '2023-05-19 21:20:54'),
	(120, '05', 'MONTE SAN JUAN', 'Cojutepeque', 'Pueblo', '', 7, '2023-05-19 21:20:54', '2023-05-19 21:20:54'),
	(121, '06', 'ORATORIO DE CONCEPCIÓN', 'Suchitoto', 'Pueblo', '', 7, '2023-05-19 21:20:54', '2023-05-19 21:20:54'),
	(122, '07', 'SAN BARTOLOMÉ PERULAPÍA', 'Cojutepeque', 'Villa', '', 7, '2023-05-19 21:20:54', '2023-05-19 21:20:54'),
	(123, '08', 'SAN CRISTÓBAL', 'Cojutepeque', 'Villa', '', 7, '2023-05-19 21:20:54', '2023-05-19 21:20:54'),
	(124, '09', 'SAN JOSÉ GUAYABAL', 'Suchitoto', 'Villa', '', 7, '2023-05-19 21:20:54', '2023-05-19 21:20:54'),
	(125, '10', 'SAN PEDRO PERULAPÁN', 'Cojutepeque', 'Ciudad', '', 7, '2023-05-19 21:20:54', '2023-05-19 21:20:54'),
	(126, '11', 'SAN RAFAEL CEDROS', 'Cojutepeque', 'Ciudad', '', 7, '2023-05-19 21:20:54', '2023-05-19 21:20:54'),
	(127, '12', 'SAN RAMÓN', 'Cojutepeque', 'Pueblo', '', 7, '2023-05-19 21:20:54', '2023-05-19 21:20:54'),
	(128, '13', 'SANTA CRUZ ANALQUITO', 'Cojutepeque', 'Pueblo', '', 7, '2023-05-19 21:20:54', '2023-05-19 21:20:54'),
	(129, '14', 'SANTA CRUZ MICHAPA', 'Cojutepeque', 'Pueblo', '', 7, '2023-05-19 21:20:54', '2023-05-19 21:20:54'),
	(130, '15', 'SUCHITOTO', 'Suchitoto', 'Ciudad', 'CP 1415', 7, '2023-05-19 21:20:54', '2023-05-19 21:20:54'),
	(131, '16', 'TENANCINGO', 'Cojutepeque', 'Villa', '', 7, '2023-05-19 21:20:54', '2023-05-19 21:20:54'),
	(132, '01', 'CUYULTITÁN', 'Olocuilta', 'Villa', '', 8, '2023-05-19 21:20:54', '2023-05-19 21:20:54'),
	(133, '02', 'EL ROSARIO / ROSARIO DE LA PAZ', 'San Pedro Masahuat', 'Ciudad', '', 8, '2023-05-19 21:20:54', '2023-05-19 21:20:54'),
	(134, '03', 'JERUSALÉN', 'San Pedro Nonualco', 'Pueblo', '', 8, '2023-05-19 21:20:54', '2023-05-19 21:20:54'),
	(135, '04', 'MERCEDES LA CEIBA', 'San Pedro Nonualco', 'Pueblo', '', 8, '2023-05-19 21:20:54', '2023-05-19 21:20:54'),
	(136, '05', 'OLOCUILTA', 'Olocuilta', 'Ciudad', '', 8, '2023-05-19 21:20:54', '2023-05-19 21:20:54'),
	(137, '06', 'PARAÍSO DE OSORIO', 'San Pedro Nonualco', 'Pueblo', '', 8, '2023-05-19 21:20:54', '2023-05-19 21:20:54'),
	(138, '07', 'SAN ANTONIO MASAHUAT', 'San Pedro Masahuat', 'Pueblo', '', 8, '2023-05-19 21:20:54', '2023-05-19 21:20:54'),
	(139, '08', 'SAN EMIGDIO', 'San Pedro Nonualco', 'Pueblo', '', 8, '2023-05-19 21:20:54', '2023-05-19 21:20:54'),
	(140, '09', 'SAN FRANCISCO CHINAMECA', 'Olocuilta', 'Pueblo', '', 8, '2023-05-19 21:20:54', '2023-05-19 21:20:54'),
	(141, '10', 'SAN JUAN NONUALCO', 'Zacatecoluca', 'Ciudad', '', 8, '2023-05-19 21:20:54', '2023-05-19 21:20:54'),
	(142, '11', 'SAN JUAN TALPA', 'Olocuilta', 'Villa', '', 8, '2023-05-19 21:20:54', '2023-05-19 21:20:54'),
	(143, '12', 'SAN JUAN TEPEZONTES', 'San Pedro Masahuat', 'Villa', '', 8, '2023-05-19 21:20:54', '2023-05-19 21:20:54'),
	(144, '13', 'SAN LUIS TALPA', 'Olocuilta', 'Villa', 'CP 1616', 8, '2023-05-19 21:20:54', '2023-05-19 21:20:54'),
	(145, '14', 'SAN MIGUEL TEPEZONTES', 'San Pedro Masahuat', 'Villa', '', 8, '2023-05-19 21:20:54', '2023-05-19 21:20:54'),
	(146, '15', 'SAN PEDRO MASAHUAT', 'San Pedro Masahuat', 'Ciudad', '', 8, '2023-05-19 21:20:54', '2023-05-19 21:20:54'),
	(147, '16', 'SAN PEDRO NONUALCO', 'San Pedro Nonualco', 'Ciudad', '', 8, '2023-05-19 21:20:54', '2023-05-19 21:20:54'),
	(148, '17', 'SAN RAFAEL OBRAJUELO', 'Zacatecoluca', 'Ciudad', '', 8, '2023-05-19 21:20:54', '2023-05-19 21:20:54'),
	(149, '18', 'SANTA MARÍA OSTUMA', 'San Pedro Nonualco', 'Villa', '', 8, '2023-05-19 21:20:54', '2023-05-19 21:20:54'),
	(150, '19', 'SANTIAGO NONUALCO', 'Zacatecoluca', 'Ciudad', '', 8, '2023-05-19 21:20:54', '2023-05-19 21:20:54'),
	(151, '20', 'TAPALHUACA', 'Olocuilta', 'Pueblo', '', 8, '2023-05-19 21:20:54', '2023-05-19 21:20:54'),
	(152, '21', 'ZACATECOLUCA', 'Zacatecoluca', 'Ciudad', 'CP 1601', 8, '2023-05-19 21:20:54', '2023-05-19 21:20:54'),
	(153, '22', 'SAN LUIS LA HERRADURA', 'Zacatecoluca', 'Pueblo', '', 8, '2023-05-19 21:20:54', '2023-05-19 21:20:54'),
	(154, '01', 'CINQUERA', 'Ilobasco', 'Pueblo', 'CP 1202', 9, '2023-05-19 21:20:54', '2023-05-19 21:20:54'),
	(155, '02', 'GUACOTECTI', 'Sensuntepeque', 'Villa', 'CP 1203', 9, '2023-05-19 21:20:54', '2023-05-19 21:20:54'),
	(156, '03', 'ILOBASCO', 'Ilobasco', 'Ciudad', 'CP 1204', 9, '2023-05-19 21:20:54', '2023-05-19 21:20:54'),
	(157, '04', 'JUTIAPA', 'Ilobasco', 'Villa', 'CP 1206', 9, '2023-05-19 21:20:54', '2023-05-19 21:20:54'),
	(158, '05', 'SAN ISIDRO', 'Sensuntepeque', 'Ciudad', 'CP 1207', 9, '2023-05-19 21:20:54', '2023-05-19 21:20:54'),
	(159, '06', 'SENSUNTEPEQUE', 'Sensuntepeque', 'Ciudad', 'CP 1201', 9, '2023-05-19 21:20:54', '2023-05-19 21:20:54'),
	(160, '07', 'TEJUTEPEQUE', 'Ilobasco', 'Ciudad', 'CP 1209', 9, '2023-05-19 21:20:54', '2023-05-19 21:20:54'),
	(161, '08', 'VICTORIA', 'Sensuntepeque', 'Ciudad', 'CP 1210', 9, '2023-05-19 21:20:54', '2023-05-19 21:20:54'),
	(162, '09', 'DOLORES / VILLA DOLORES', 'Sensuntepeque', 'Ciudad', 'CP 1209', 9, '2023-05-19 21:20:54', '2023-05-19 21:20:54'),
	(163, '01', 'APASTEPEQUE', 'San Vicente', 'Ciudad', '', 10, '2023-05-19 21:20:54', '2023-05-19 21:20:54'),
	(164, '02', 'GUADALUPE', 'San Vicente', 'Ciudad', '', 10, '2023-05-19 21:20:54', '2023-05-19 21:20:54'),
	(165, '03', 'SAN CAYETANO ISTEPEQUE', 'San Vicente', 'Villa', '', 10, '2023-05-19 21:20:54', '2023-05-19 21:20:54'),
	(166, '04', 'SANTA CLARA', 'San Sebastián', 'Villa', 'CP 1709', 10, '2023-05-19 21:20:54', '2023-05-19 21:20:54'),
	(167, '05', 'SANTO DOMINGO', 'San Sebastián', 'Ciudad', '', 10, '2023-05-19 21:20:54', '2023-05-19 21:20:54'),
	(168, '06', 'SAN ESTEBAN CATARINA', 'San Sebastián', 'Villa', '', 10, '2023-05-19 21:20:54', '2023-05-19 21:20:54'),
	(169, '07', 'SAN ILDEFONSO', 'San Sebastián', 'Villa', '', 10, '2023-05-19 21:20:54', '2023-05-19 21:20:54'),
	(170, '08', 'SAN LORENZO', 'San Sebastián', 'Villa', '', 10, '2023-05-19 21:20:54', '2023-05-19 21:20:54'),
	(171, '09', 'SAN SEBASTIÁN', 'San Sebastián', 'Ciudad', '', 10, '2023-05-19 21:20:54', '2023-05-19 21:20:54'),
	(172, '10', 'SAN VICENTE', 'San Vicente', 'Ciudad', 'CP 1701', 10, '2023-05-19 21:20:54', '2023-05-19 21:20:54'),
	(173, '11', 'TECOLUCA', 'San Vicente', 'Ciudad', '', 10, '2023-05-19 21:20:54', '2023-05-19 21:20:54'),
	(174, '12', 'TEPETITÁN', 'San Vicente', 'Villa', '', 10, '2023-05-19 21:20:54', '2023-05-19 21:20:54'),
	(175, '13', 'VERAPAZ', 'San Vicente', 'Ciudad', '', 10, '2023-05-19 21:20:54', '2023-05-19 21:20:54'),
	(176, '01', 'ALEGRÍA', 'Santiago de María', 'Ciudad', '', 11, '2023-05-19 21:20:54', '2023-05-19 21:20:54'),
	(177, '02', 'BERLÍN', 'Berlín', 'Ciudad', 'CP 3403', 11, '2023-05-19 21:20:54', '2023-05-19 21:20:54'),
	(178, '03', 'CALIFORNIA', 'Santiago de María', 'Pueblo', '', 11, '2023-05-19 21:20:54', '2023-05-19 21:20:54'),
	(179, '04', 'CONCEPCIÓN BATRES', 'Usulután', 'Villa', '', 11, '2023-05-19 21:20:54', '2023-05-19 21:20:54'),
	(180, '05', 'EL TRIUNFO', 'Estanzuelas', 'Villas', '', 11, '2023-05-19 21:20:54', '2023-05-19 21:20:54'),
	(181, '06', 'EREGUAYQUÍN', 'Usulután', 'Pueblo', '', 11, '2023-05-19 21:20:54', '2023-05-19 21:20:54'),
	(182, '07', 'ESTANZUELAS', 'Estanzuelas', 'Ciudad', 'CP 3408', 11, '2023-05-19 21:20:54', '2023-05-19 21:20:54'),
	(183, '08', 'JIQUILISCO', 'Usulután', 'Ciudad', '', 11, '2023-05-19 21:20:54', '2023-05-19 21:20:54'),
	(184, '09', 'JUCUAPA', 'Estanzuelas', 'Villa', '', 11, '2023-05-19 21:20:54', '2023-05-19 21:20:54'),
	(185, '10', 'JUCUARÁN', 'Usulután', 'Villa', '', 11, '2023-05-19 21:20:54', '2023-05-19 21:20:54'),
	(186, '11', 'MERCEDES UMAÑA', 'Berlín', 'Villa', '', 11, '2023-05-19 21:20:54', '2023-05-19 21:20:54'),
	(187, '12', 'NUEVA GRANADA', 'Estanzuelas', 'Villa', '', 11, '2023-05-19 21:20:54', '2023-05-19 21:20:54'),
	(188, '13', 'OZATLÁN', 'Usulután', 'Villa', '', 11, '2023-05-19 21:20:54', '2023-05-19 21:20:54'),
	(189, '14', 'PUERTO EL TRIUNFO', 'Usulután', 'Pueblo', '', 11, '2023-05-19 21:20:54', '2023-05-19 21:20:54'),
	(190, '15', 'SAN AGUSTÍN', 'Berlín', 'Villa', '', 11, '2023-05-19 21:20:54', '2023-05-19 21:20:54'),
	(191, '16', 'SAN BUENAVENTURA', 'Estanzuelas', 'Pueblo', '', 11, '2023-05-19 21:20:54', '2023-05-19 21:20:54'),
	(192, '17', 'SAN DIONISIO', 'Usulután', 'Pueblo', '', 11, '2023-05-19 21:20:54', '2023-05-19 21:20:54'),
	(193, '18', 'SANTA ELENA', 'Usulután', 'Ciudad', 'CP 3422', 11, '2023-05-19 21:20:54', '2023-05-19 21:20:54'),
	(194, '19', 'SAN FRANCISCO JAVIER', 'Berlín', 'Pueblo', '', 11, '2023-05-19 21:20:54', '2023-05-19 21:20:54'),
	(195, '20', 'SANTA MARÍA', 'Usulután', 'Pueblo', '', 11, '2023-05-19 21:20:54', '2023-05-19 21:20:54'),
	(196, '21', 'SANTIAGO DE MARÍA', 'Santiago de María', 'Ciudad', 'CP 3424', 11, '2023-05-19 21:20:54', '2023-05-19 21:20:54'),
	(197, '22', 'TECAPÁN', 'Santiago de María', 'Vill', '', 11, '2023-05-19 21:20:54', '2023-05-19 21:20:54'),
	(198, '23', 'USULUTÁN', 'Usulután', 'Ciudad', 'CP 3401', 11, '2023-05-19 21:20:54', '2023-05-19 21:20:54'),
	(199, '01', 'CAROLINA', 'Sesori', 'Villa', '', 12, '2023-05-19 21:20:54', '2023-05-19 21:20:54'),
	(200, '02', 'CIUDAD BARRIOS', 'San Miguel', 'Ciudad', '', 12, '2023-05-19 21:20:54', '2023-05-19 21:20:54'),
	(201, '03', 'COMACARÁN', 'San Miguel', 'Villa', '', 12, '2023-05-19 21:20:54', '2023-05-19 21:20:54'),
	(202, '04', 'CHAPELTIQUE', 'San Miguel', 'Ciudad', '', 12, '2023-05-19 21:20:54', '2023-05-19 21:20:54'),
	(203, '05', 'CHINAMECA', 'Chinameca', 'Ciudad', '', 12, '2023-05-19 21:20:54', '2023-05-19 21:20:54'),
	(204, '06', 'CHIRILAGUA', 'San Miguel', 'Ciudad', '', 12, '2023-05-19 21:20:54', '2023-05-19 21:20:54'),
	(205, '07', 'EL TRÁNSITO', 'Chinameca', 'Ciudad', '', 12, '2023-05-19 21:20:54', '2023-05-19 21:20:54'),
	(206, '08', 'LOLOTIQUE', 'Chinameca', 'Ciudad', '', 12, '2023-05-19 21:20:54', '2023-05-19 21:20:54'),
	(207, '09', 'MONCAGUA', 'San Miguel', 'Ciudad', '', 12, '2023-05-19 21:20:54', '2023-05-19 21:20:54'),
	(208, '10', 'NUEVA GUADALUPE', 'Chinameca', 'Ciudad', '', 12, '2023-05-19 21:20:54', '2023-05-19 21:20:54'),
	(209, '11', 'NUEVO EDÉN DE SAN JUAN', 'Sesori', 'Pueblo', '', 12, '2023-05-19 21:20:54', '2023-05-19 21:20:54'),
	(210, '12', 'QUELEPA', 'San Miguel', 'Villa', '', 12, '2023-05-19 21:20:54', '2023-05-19 21:20:54'),
	(211, '13', 'SAN ANTONIO DEL MOSCO', 'Sesori', 'Pueblo', '', 12, '2023-05-19 21:20:54', '2023-05-19 21:20:54'),
	(212, '14', 'SAN GERARDO', 'Sesori', 'Villa', '', 12, '2023-05-19 21:20:54', '2023-05-19 21:20:54'),
	(213, '15', 'SAN JORGE', 'Chinameca', 'Ciudad', '', 12, '2023-05-19 21:20:54', '2023-05-19 21:20:54'),
	(214, '16', 'SAN LUIS DE LA REINA', 'Sesori', 'Villa', '', 12, '2023-05-19 21:20:54', '2023-05-19 21:20:54'),
	(215, '17', 'SAN MIGUEL', 'San Miguel', 'Ciudad', 'CP 3301', 12, '2023-05-19 21:20:54', '2023-05-19 21:20:54'),
	(216, '18', 'SAN RAFAEL ORIENTE', 'Chinameca', 'Ciudad', '', 12, '2023-05-19 21:20:54', '2023-05-19 21:20:54'),
	(217, '19', 'SESORI', 'Sesori', 'Ciudad', '', 12, '2023-05-19 21:20:54', '2023-05-19 21:20:54'),
	(218, '20', 'ULUAZAPA', 'San Miguel', 'Villa', '', 12, '2023-05-19 21:20:54', '2023-05-19 21:20:54'),
	(219, '01', 'ARAMBALA', 'Jocoaitique', 'Pueblo', '', 13, '2023-05-19 21:20:54', '2023-05-19 21:20:54'),
	(220, '02', 'CACAOPERA', 'Osicala', 'Osicala', 'CP 3216', 13, '2023-05-19 21:20:54', '2023-05-19 21:20:54'),
	(221, '03', 'CORINTO', 'Osicala', 'Ciudad', '', 13, '2023-05-19 21:20:54', '2023-05-19 21:20:54'),
	(222, '04', 'CHILANGA', 'San Francisco', 'Villa', '', 13, '2023-05-19 21:20:54', '2023-05-19 21:20:54'),
	(223, '05', 'DELICIAS DE CONCEPCIÓN', 'Osicala', 'Pueblo', '', 13, '2023-05-19 21:20:54', '2023-05-19 21:20:54'),
	(224, '06', 'EL DIVISADERO', 'San Francisco', 'Villa', '', 13, '2023-05-19 21:20:54', '2023-05-19 21:20:54'),
	(225, '07', 'EL ROSARIO', 'Jocoaitique', 'Villa', '', 13, '2023-05-19 21:20:54', '2023-05-19 21:20:54'),
	(226, '08', 'GUALOCOCTI', 'Osicala', 'Pueblo', '', 13, '2023-05-19 21:20:54', '2023-05-19 21:20:54'),
	(227, '09', 'GUATAJIAGUA', 'San Francisco', 'Ciudad', '', 13, '2023-05-19 21:20:54', '2023-05-19 21:20:54'),
	(228, '10', 'JOATECA', 'Jocoaitique', 'Pueblo', '', 13, '2023-05-19 21:20:54', '2023-05-19 21:20:54'),
	(229, '11', 'JOCOAITIQUE', 'Jocoaitique', 'Ciudad', 'CP 3212', 13, '2023-05-19 21:20:54', '2023-05-19 21:20:54'),
	(230, '12', 'JOCORO', 'San Francisco', 'Ciudad', '', 13, '2023-05-19 21:20:54', '2023-05-19 21:20:54'),
	(231, '13', 'LOLOTIQUILLO', 'San Francisco', 'Pueblo', '', 13, '2023-05-19 21:20:54', '2023-05-19 21:20:54'),
	(232, '14', 'MEANGUERA', 'Jocoaitique', 'Ciudad', '', 13, '2023-05-19 21:20:54', '2023-05-19 21:20:54'),
	(233, '15', 'OSICALA', 'Osicala', 'Ciudad', '', 13, '2023-05-19 21:20:54', '2023-05-19 21:20:54'),
	(234, '16', 'PERQUÍN', 'Jocoaitique', 'Pueblo', '', 13, '2023-05-19 21:20:54', '2023-05-19 21:20:54'),
	(235, '17', 'SAN CARLOS', 'San Francisco', 'Ciudad', '', 13, '2023-05-19 21:20:54', '2023-05-19 21:20:54'),
	(236, '18', 'SAN FERNANDO', 'Jocoaitique', 'Pueblo', '', 13, '2023-05-19 21:20:54', '2023-05-19 21:20:54'),
	(237, '19', 'SAN FRANCISCO GOTERA', 'San Francisco', 'Ciudad', 'CP 3201', 13, '2023-05-19 21:20:54', '2023-05-19 21:20:54'),
	(238, '20', 'SAN ISIDRO', 'Osicala', 'Villa', 'CP 3220', 13, '2023-05-19 21:20:54', '2023-05-19 21:20:54'),
	(239, '21', 'SAN SIMÓN', 'Osicala', 'Villa', '', 13, '2023-05-19 21:20:54', '2023-05-19 21:20:54'),
	(240, '22', 'SENSEMBRA', 'San Francisco', 'Pueblo', '', 13, '2023-05-19 21:20:54', '2023-05-19 21:20:54'),
	(241, '23', 'SOCIEDAD', 'San Francisco', 'Ciudad', '', 13, '2023-05-19 21:20:54', '2023-05-19 21:20:54'),
	(242, '24', 'TOROLA', 'Jocoaitique', 'Pueblo', '', 13, '2023-05-19 21:20:54', '2023-05-19 21:20:54'),
	(243, '25', 'YAMABAL', 'San Francisco', 'Pueblo', '', 13, '2023-05-19 21:20:54', '2023-05-19 21:20:54'),
	(244, '26', 'YOLOAIQUÍN', 'Osicala', 'Pueblo', '', 13, '2023-05-19 21:20:54', '2023-05-19 21:20:54'),
	(245, '01', 'ANAMORÓS', 'Santa Rosa de Lima', 'Ciudad', '', 14, '2023-05-19 21:20:54', '2023-05-19 21:20:54'),
	(246, '02', 'BOLÍVAR', 'La Union', 'Pueblo', '', 14, '2023-05-19 21:20:54', '2023-05-19 21:20:54'),
	(247, '03', 'CONCEPCIÓN DE ORIENTE', 'Santa Rosa de Lima', 'Villa', '', 14, '2023-05-19 21:20:54', '2023-05-19 21:20:54'),
	(248, '04', 'CONCHAGUA', 'La Union', 'Villa', '', 14, '2023-05-19 21:20:54', '2023-05-19 21:20:54'),
	(249, '05', 'EL CARMEN', 'La Union', 'Villa', '', 14, '2023-05-19 21:20:54', '2023-05-19 21:20:54'),
	(250, '06', 'EL SAUCE', 'Santa Rosa de Lima', 'Villa', '', 14, '2023-05-19 21:20:54', '2023-05-19 21:20:54'),
	(251, '07', 'INTIPUCÁ', 'La Union', 'Villa', '', 14, '2023-05-19 21:20:54', '2023-05-19 21:20:54'),
	(252, '08', 'LA UNIÓN', 'La Union', 'Ciudad', 'CP 3101', 14, '2023-05-19 21:20:54', '2023-05-19 21:20:54'),
	(253, '09', 'LILISQUE', 'Santa Rosa de Lima', 'Villa', '', 14, '2023-05-19 21:20:54', '2023-05-19 21:20:54'),
	(254, '10', 'MEANGUERA DEL GOLFO', 'La Union', 'Pueblo', '', 14, '2023-05-19 21:20:54', '2023-05-19 21:20:54'),
	(255, '11', 'NUEVA ESPARTA', 'Santa Rosa de Lima', 'Ciudad', '', 14, '2023-05-19 21:20:54', '2023-05-19 21:20:54'),
	(256, '12', 'PASAQUINA', 'Santa Rosa de Lima', 'Ciudad', '', 14, '2023-05-19 21:20:54', '2023-05-19 21:20:54'),
	(257, '13', 'POLORÓS', 'Santa Rosa de Lima', 'Villa', '', 14, '2023-05-19 21:20:54', '2023-05-19 21:20:54'),
	(258, '14', 'SAN ALEJO', 'La Union', 'Ciudad', '', 14, '2023-05-19 21:20:54', '2023-05-19 21:20:54'),
	(259, '15', 'SAN JOSÉ', 'La Union', 'Villa', '', 14, '2023-05-19 21:20:54', '2023-05-19 21:20:54'),
	(260, '16', 'SANTA ROSA DE LIMA', 'Santa Rosa de Lima', 'Ciudad', 'CP 3121', 14, '2023-05-19 21:20:54', '2023-05-19 21:20:54'),
	(261, '17', 'YAYANTIQUE', 'La Union', 'Pueblo', '', 14, '2023-05-19 21:20:54', '2023-05-19 21:20:54'),
	(262, '18', 'YUCUAIQUÍN', 'La Union', 'Villa', '', 14, '2023-05-19 21:20:54', '2023-05-19 21:20:54');

-- Volcando estructura para tabla inet.password_resets
CREATE TABLE IF NOT EXISTS `password_resets` (
  `email` varchar(255) COLLATE utf8mb4_unicode_ci NOT NULL,
  `token` varchar(255) COLLATE utf8mb4_unicode_ci NOT NULL,
  `created_at` timestamp NULL DEFAULT NULL,
  PRIMARY KEY (`email`)
) ENGINE=InnoDB DEFAULT CHARSET=utf8mb4 COLLATE=utf8mb4_unicode_ci;

-- Volcando datos para la tabla inet.password_resets: ~0 rows (aproximadamente)
DELETE FROM `password_resets`;

-- Volcando estructura para tabla inet.permissions
CREATE TABLE IF NOT EXISTS `permissions` (
  `id` bigint unsigned NOT NULL AUTO_INCREMENT,
  `name` varchar(255) COLLATE utf8mb4_unicode_ci NOT NULL,
  `guard_name` varchar(255) COLLATE utf8mb4_unicode_ci NOT NULL,
  `created_at` timestamp NULL DEFAULT NULL,
  `updated_at` timestamp NULL DEFAULT NULL,
  PRIMARY KEY (`id`),
  UNIQUE KEY `permissions_name_guard_name_unique` (`name`,`guard_name`)
) ENGINE=InnoDB AUTO_INCREMENT=31 DEFAULT CHARSET=utf8mb4 COLLATE=utf8mb4_unicode_ci;

-- Volcando datos para la tabla inet.permissions: ~30 rows (aproximadamente)
DELETE FROM `permissions`;
INSERT INTO `permissions` (`id`, `name`, `guard_name`, `created_at`, `updated_at`) VALUES
	(1, 'dashboard.index', 'web', '2023-05-19 21:20:56', '2023-05-19 21:20:56'),
	(2, 'dashboard.store', 'web', '2023-05-19 21:20:56', '2023-05-19 21:20:56'),
	(3, 'dashboard.update', 'web', '2023-05-19 21:20:56', '2023-05-19 21:20:56'),
	(4, 'client.index', 'web', '2023-05-19 21:20:56', '2023-05-19 21:20:56'),
	(5, 'client.view', 'web', '2023-05-19 21:20:56', '2023-05-19 21:20:56'),
	(6, 'client.edit', 'web', '2023-05-19 21:20:56', '2023-05-19 21:20:56'),
	(7, 'client.getClientid', 'web', '2023-05-19 21:20:56', '2023-05-19 21:20:56'),
	(8, 'client.update', 'web', '2023-05-19 21:20:56', '2023-05-19 21:20:56'),
	(9, 'client.create', 'web', '2023-05-19 21:20:56', '2023-05-19 21:20:56'),
	(10, 'client.store', 'web', '2023-05-19 21:20:56', '2023-05-19 21:20:56'),
	(11, 'client.destroy', 'web', '2023-05-19 21:20:56', '2023-05-19 21:20:56'),
	(12, 'company.index', 'web', '2023-05-19 21:20:56', '2023-05-19 21:20:56'),
	(13, 'company.view', 'web', '2023-05-19 21:20:56', '2023-05-19 21:20:56'),
	(14, 'company.getCompany', 'web', '2023-05-19 21:20:56', '2023-05-19 21:20:56'),
	(15, 'company.getCompanyid', 'web', '2023-05-19 21:20:56', '2023-05-19 21:20:56'),
	(16, 'company.store', 'web', '2023-05-19 21:20:56', '2023-05-19 21:20:56'),
	(17, 'company.update', 'web', '2023-05-19 21:20:56', '2023-05-19 21:20:56'),
	(18, 'company.destroy', 'web', '2023-05-19 21:20:56', '2023-05-19 21:20:56'),
	(19, 'api.index', 'web', '2023-05-19 21:20:56', '2023-05-19 21:20:56'),
	(20, 'api.store', 'web', '2023-05-19 21:20:56', '2023-05-19 21:20:56'),
	(21, 'api.update', 'web', '2023-05-19 21:20:56', '2023-05-19 21:20:56'),
	(22, 'api.getcountry', 'web', '2023-05-19 21:20:56', '2023-05-19 21:20:56'),
	(23, 'api.getDepartment', 'web', '2023-05-19 21:20:56', '2023-05-19 21:20:56'),
	(24, 'api.getmunicipios', 'web', '2023-05-19 21:20:56', '2023-05-19 21:20:56'),
	(25, 'api.geteconomicactivity', 'web', '2023-05-19 21:20:56', '2023-05-19 21:20:56'),
	(26, 'users.index', 'web', '2023-05-19 21:20:56', '2023-05-19 21:20:56'),
	(27, 'users.store', 'web', '2023-05-19 21:20:56', '2023-05-19 21:20:56'),
	(28, 'users.update', 'web', '2023-05-19 21:20:56', '2023-05-19 21:20:56'),
	(29, 'users.destroy', 'web', '2023-05-19 21:20:56', '2023-05-19 21:20:56'),
	(30, 'users.changedtatus', 'web', '2023-05-19 21:20:56', '2023-05-19 21:20:56');

-- Volcando estructura para tabla inet.permission_company
CREATE TABLE IF NOT EXISTS `permission_company` (
  `id` bigint unsigned NOT NULL AUTO_INCREMENT,
  `user_id` bigint unsigned DEFAULT NULL,
  `company_id` bigint unsigned DEFAULT NULL,
  `state` tinyint(1) NOT NULL DEFAULT '0',
  `created_at` timestamp NULL DEFAULT NULL,
  `updated_at` timestamp NULL DEFAULT NULL,
  PRIMARY KEY (`id`),
  KEY `permission_company_user_id_foreign` (`user_id`),
  KEY `permission_company_company_id_foreign` (`company_id`),
  CONSTRAINT `permission_company_company_id_foreign` FOREIGN KEY (`company_id`) REFERENCES `companies` (`id`) ON DELETE CASCADE,
  CONSTRAINT `permission_company_user_id_foreign` FOREIGN KEY (`user_id`) REFERENCES `users` (`id`) ON DELETE CASCADE
) ENGINE=InnoDB AUTO_INCREMENT=2 DEFAULT CHARSET=utf8mb4 COLLATE=utf8mb4_unicode_ci;

-- Volcando datos para la tabla inet.permission_company: ~0 rows (aproximadamente)
DELETE FROM `permission_company`;
INSERT INTO `permission_company` (`id`, `user_id`, `company_id`, `state`, `created_at`, `updated_at`) VALUES
	(1, 1, 1, 1, '2023-05-19 22:20:41', '2023-05-19 22:20:41');

-- Volcando estructura para tabla inet.personal_access_tokens
CREATE TABLE IF NOT EXISTS `personal_access_tokens` (
  `id` bigint unsigned NOT NULL AUTO_INCREMENT,
  `tokenable_type` varchar(255) COLLATE utf8mb4_unicode_ci NOT NULL,
  `tokenable_id` bigint unsigned NOT NULL,
  `name` varchar(255) COLLATE utf8mb4_unicode_ci NOT NULL,
  `token` varchar(64) COLLATE utf8mb4_unicode_ci NOT NULL,
  `abilities` text COLLATE utf8mb4_unicode_ci,
  `last_used_at` timestamp NULL DEFAULT NULL,
  `expires_at` timestamp NULL DEFAULT NULL,
  `created_at` timestamp NULL DEFAULT NULL,
  `updated_at` timestamp NULL DEFAULT NULL,
  PRIMARY KEY (`id`),
  UNIQUE KEY `personal_access_tokens_token_unique` (`token`),
  KEY `personal_access_tokens_tokenable_type_tokenable_id_index` (`tokenable_type`,`tokenable_id`)
) ENGINE=InnoDB DEFAULT CHARSET=utf8mb4 COLLATE=utf8mb4_unicode_ci;

-- Volcando datos para la tabla inet.personal_access_tokens: ~0 rows (aproximadamente)
DELETE FROM `personal_access_tokens`;

-- Volcando estructura para tabla inet.phones
CREATE TABLE IF NOT EXISTS `phones` (
  `id` bigint unsigned NOT NULL AUTO_INCREMENT,
  `phone` varchar(255) COLLATE utf8mb4_unicode_ci DEFAULT NULL,
  `phone_fijo` varchar(255) COLLATE utf8mb4_unicode_ci DEFAULT NULL,
  `created_at` timestamp NULL DEFAULT NULL,
  `updated_at` timestamp NULL DEFAULT NULL,
  PRIMARY KEY (`id`)
) ENGINE=InnoDB AUTO_INCREMENT=4 DEFAULT CHARSET=utf8mb4 COLLATE=utf8mb4_unicode_ci;

-- Volcando datos para la tabla inet.phones: ~2 rows (aproximadamente)
DELETE FROM `phones`;
INSERT INTO `phones` (`id`, `phone`, `phone_fijo`, `created_at`, `updated_at`) VALUES
	(1, '72220928', NULL, '2023-05-19 22:20:18', '2023-05-19 22:20:18'),
	(2, '72220928', '+50372220928', '2023-05-19 22:21:02', '2023-05-19 22:21:02'),
	(3, '+50372220928', '+50372220928', '2023-05-21 21:11:43', '2023-05-21 21:11:43');

-- Volcando estructura para tabla inet.products
CREATE TABLE IF NOT EXISTS `products` (
  `id` bigint unsigned NOT NULL AUTO_INCREMENT,
  `code` varchar(255) COLLATE utf8mb4_unicode_ci DEFAULT NULL,
  `name` varchar(255) COLLATE utf8mb4_unicode_ci NOT NULL,
  `state` tinyint(1) NOT NULL DEFAULT '1',
  `cfiscal` varchar(255) COLLATE utf8mb4_unicode_ci NOT NULL,
  `type` varchar(255) COLLATE utf8mb4_unicode_ci NOT NULL,
  `price` varchar(255) COLLATE utf8mb4_unicode_ci NOT NULL,
  `description` varchar(255) COLLATE utf8mb4_unicode_ci NOT NULL,
  `image` varchar(255) COLLATE utf8mb4_unicode_ci DEFAULT NULL,
  `provider_id` bigint unsigned DEFAULT NULL,
  `user_id` bigint unsigned DEFAULT NULL,
  `created_at` timestamp NULL DEFAULT NULL,
  `updated_at` timestamp NULL DEFAULT NULL,
  PRIMARY KEY (`id`),
  KEY `products_provider_id_foreign` (`provider_id`),
  KEY `products_user_id_foreign` (`user_id`),
  CONSTRAINT `products_provider_id_foreign` FOREIGN KEY (`provider_id`) REFERENCES `providers` (`id`) ON DELETE CASCADE,
  CONSTRAINT `products_user_id_foreign` FOREIGN KEY (`user_id`) REFERENCES `users` (`id`) ON DELETE CASCADE
) ENGINE=InnoDB AUTO_INCREMENT=3 DEFAULT CHARSET=utf8mb4 COLLATE=utf8mb4_unicode_ci;

-- Volcando datos para la tabla inet.products: ~2 rows (aproximadamente)
DELETE FROM `products`;
INSERT INTO `products` (`id`, `code`, `name`, `state`, `cfiscal`, `type`, `price`, `description`, `image`, `provider_id`, `user_id`, `created_at`, `updated_at`) VALUES
	(1, NULL, 'Emprecan S.A de C.V', 1, 'gravado', 'gravado', '125.65', 'iphone 128 gb 2 ram', '1684681834_1678720143_play-station.png', 1, NULL, '2023-05-21 21:10:34', '2023-05-21 21:10:34'),
	(2, NULL, 'Emprecan S.A de C.V', 1, 'gravado', 'gravado', '125.65', 'iphone 128 gb 2 ram', '1684681834_1678720143_play-station.png', 1, NULL, '2023-05-21 21:10:34', '2023-05-21 21:10:34');

-- Volcando estructura para tabla inet.providers
CREATE TABLE IF NOT EXISTS `providers` (
  `id` bigint unsigned NOT NULL AUTO_INCREMENT,
  `razonsocial` varchar(255) COLLATE utf8mb4_unicode_ci NOT NULL,
  `ncr` varchar(255) COLLATE utf8mb4_unicode_ci DEFAULT NULL,
  `nit` varchar(255) COLLATE utf8mb4_unicode_ci DEFAULT NULL,
  `email` varchar(255) COLLATE utf8mb4_unicode_ci DEFAULT NULL,
  `company_id` bigint unsigned DEFAULT NULL,
  `phone_id` bigint unsigned DEFAULT NULL,
  `address_id` bigint unsigned DEFAULT NULL,
  `user_id` bigint unsigned DEFAULT NULL,
  `created_at` timestamp NULL DEFAULT NULL,
  `updated_at` timestamp NULL DEFAULT NULL,
  PRIMARY KEY (`id`),
  KEY `providers_company_id_foreign` (`company_id`),
  KEY `providers_phone_id_foreign` (`phone_id`),
  KEY `providers_address_id_foreign` (`address_id`),
  KEY `providers_user_id_foreign` (`user_id`),
  CONSTRAINT `providers_address_id_foreign` FOREIGN KEY (`address_id`) REFERENCES `addresses` (`id`) ON DELETE CASCADE,
  CONSTRAINT `providers_company_id_foreign` FOREIGN KEY (`company_id`) REFERENCES `companies` (`id`) ON DELETE CASCADE,
  CONSTRAINT `providers_phone_id_foreign` FOREIGN KEY (`phone_id`) REFERENCES `phones` (`id`) ON DELETE CASCADE,
  CONSTRAINT `providers_user_id_foreign` FOREIGN KEY (`user_id`) REFERENCES `users` (`id`) ON DELETE CASCADE
) ENGINE=InnoDB AUTO_INCREMENT=2 DEFAULT CHARSET=utf8mb4 COLLATE=utf8mb4_unicode_ci;

-- Volcando datos para la tabla inet.providers: ~0 rows (aproximadamente)
DELETE FROM `providers`;
INSERT INTO `providers` (`id`, `razonsocial`, `ncr`, `nit`, `email`, `company_id`, `phone_id`, `address_id`, `user_id`, `created_at`, `updated_at`) VALUES
	(1, 'Super Repuestos', '568956-5', '0614-011194-162-7', 'briandagoberto20@hotmail.com', 1, 2, 2, NULL, '2023-05-19 22:21:02', '2023-05-19 22:21:02');

-- Volcando estructura para tabla inet.purchases
CREATE TABLE IF NOT EXISTS `purchases` (
  `id` bigint unsigned NOT NULL AUTO_INCREMENT,
  `document_id` int NOT NULL,
  `provider_id` bigint unsigned DEFAULT NULL,
  `company_id` bigint unsigned DEFAULT NULL,
  `number` varchar(255) COLLATE utf8mb4_unicode_ci NOT NULL,
  `datedoc` date NOT NULL,
  `exenta` decimal(8,2) DEFAULT NULL,
  `gravada` decimal(8,2) DEFAULT NULL,
  `iva` decimal(8,2) DEFAULT NULL,
  `contrns` decimal(8,2) DEFAULT NULL,
  `fovial` decimal(8,2) DEFAULT NULL,
  `iretenido` decimal(8,2) DEFAULT NULL,
  `otros` decimal(8,2) DEFAULT NULL,
  `total` decimal(8,2) DEFAULT NULL,
  `fingreso` date NOT NULL,
  `periodo` varchar(255) COLLATE utf8mb4_unicode_ci NOT NULL,
  `user_id` bigint unsigned DEFAULT NULL,
  `created_at` timestamp NULL DEFAULT NULL,
  `updated_at` timestamp NULL DEFAULT NULL,
  PRIMARY KEY (`id`),
  KEY `purchases_provider_id_foreign` (`provider_id`),
  KEY `purchases_company_id_foreign` (`company_id`),
  KEY `purchases_user_id_foreign` (`user_id`),
  CONSTRAINT `purchases_company_id_foreign` FOREIGN KEY (`company_id`) REFERENCES `companies` (`id`) ON DELETE CASCADE,
  CONSTRAINT `purchases_provider_id_foreign` FOREIGN KEY (`provider_id`) REFERENCES `providers` (`id`) ON DELETE CASCADE,
  CONSTRAINT `purchases_user_id_foreign` FOREIGN KEY (`user_id`) REFERENCES `users` (`id`) ON DELETE CASCADE
) ENGINE=InnoDB AUTO_INCREMENT=4 DEFAULT CHARSET=utf8mb4 COLLATE=utf8mb4_unicode_ci;

-- Volcando datos para la tabla inet.purchases: ~3 rows (aproximadamente)
DELETE FROM `purchases`;
INSERT INTO `purchases` (`id`, `document_id`, `provider_id`, `company_id`, `number`, `datedoc`, `exenta`, `gravada`, `iva`, `contrns`, `fovial`, `iretenido`, `otros`, `total`, `fingreso`, `periodo`, `user_id`, `created_at`, `updated_at`) VALUES
	(2, 3, 1, 1, '12345', '2023-05-10', 60.00, NULL, NULL, NULL, NULL, NULL, NULL, NULL, '2023-05-20', '02', 1, '2023-05-20 19:24:19', '2023-05-20 19:24:19');

-- Volcando estructura para tabla inet.roles
CREATE TABLE IF NOT EXISTS `roles` (
  `id` bigint unsigned NOT NULL AUTO_INCREMENT,
  `name` varchar(255) COLLATE utf8mb4_unicode_ci NOT NULL,
  `guard_name` varchar(255) COLLATE utf8mb4_unicode_ci NOT NULL,
  `created_at` timestamp NULL DEFAULT NULL,
  `updated_at` timestamp NULL DEFAULT NULL,
  PRIMARY KEY (`id`),
  UNIQUE KEY `roles_name_guard_name_unique` (`name`,`guard_name`)
) ENGINE=InnoDB AUTO_INCREMENT=5 DEFAULT CHARSET=utf8mb4 COLLATE=utf8mb4_unicode_ci;

-- Volcando datos para la tabla inet.roles: ~4 rows (aproximadamente)
DELETE FROM `roles`;
INSERT INTO `roles` (`id`, `name`, `guard_name`, `created_at`, `updated_at`) VALUES
	(1, 'Admin', 'web', '2023-05-19 21:20:56', '2023-05-19 21:20:56'),
	(2, 'Contabilidad', 'web', '2023-05-19 21:20:56', '2023-05-19 21:20:56'),
	(3, 'Ventas', 'web', '2023-05-19 21:20:56', '2023-05-19 21:20:56'),
	(4, 'Caja', 'web', '2023-05-19 21:20:56', '2023-05-19 21:20:56');

-- Volcando estructura para tabla inet.role_has_permissions
CREATE TABLE IF NOT EXISTS `role_has_permissions` (
  `permission_id` bigint unsigned NOT NULL,
  `role_id` bigint unsigned NOT NULL,
  PRIMARY KEY (`permission_id`,`role_id`),
  KEY `role_has_permissions_role_id_foreign` (`role_id`),
  CONSTRAINT `role_has_permissions_permission_id_foreign` FOREIGN KEY (`permission_id`) REFERENCES `permissions` (`id`) ON DELETE CASCADE,
  CONSTRAINT `role_has_permissions_role_id_foreign` FOREIGN KEY (`role_id`) REFERENCES `roles` (`id`) ON DELETE CASCADE
) ENGINE=InnoDB DEFAULT CHARSET=utf8mb4 COLLATE=utf8mb4_unicode_ci;

-- Volcando datos para la tabla inet.role_has_permissions: ~32 rows (aproximadamente)
DELETE FROM `role_has_permissions`;
INSERT INTO `role_has_permissions` (`permission_id`, `role_id`) VALUES
	(1, 1),
	(2, 1),
	(3, 1),
	(4, 1),
	(5, 1),
	(6, 1),
	(7, 1),
	(8, 1),
	(9, 1),
	(10, 1),
	(11, 1),
	(12, 1),
	(13, 1),
	(14, 1),
	(15, 1),
	(16, 1),
	(17, 1),
	(18, 1),
	(19, 1),
	(20, 1),
	(21, 1),
	(22, 1),
	(23, 1),
	(24, 1),
	(25, 1),
	(26, 1),
	(27, 1),
	(28, 1),
	(29, 1),
	(30, 1),
	(4, 2),
	(12, 2);

-- Volcando estructura para tabla inet.sales
CREATE TABLE IF NOT EXISTS `sales` (
  `id` bigint unsigned NOT NULL AUTO_INCREMENT,
  `acuenta` varchar(255) COLLATE utf8mb4_unicode_ci DEFAULT NULL,
  `state` tinyint(1) DEFAULT NULL,
  `totalamount` decimal(5,2) DEFAULT NULL,
  `waytopay` varchar(255) COLLATE utf8mb4_unicode_ci DEFAULT NULL,
  `typesale` varchar(255) COLLATE utf8mb4_unicode_ci DEFAULT '2',
  `date` date NOT NULL,
  `user_id` bigint unsigned DEFAULT NULL,
  `typedocument_id` bigint unsigned DEFAULT NULL,
  `client_id` bigint unsigned DEFAULT NULL,
  `company_id` bigint unsigned DEFAULT NULL,
  `created_at` timestamp NULL DEFAULT NULL,
  `updated_at` timestamp NULL DEFAULT NULL,
  PRIMARY KEY (`id`),
  KEY `sales_user_id_foreign` (`user_id`),
  KEY `sales_typedocument_id_foreign` (`typedocument_id`),
  KEY `sales_client_id_foreign` (`client_id`),
  KEY `sales_company_id_foreign` (`company_id`),
  CONSTRAINT `sales_client_id_foreign` FOREIGN KEY (`client_id`) REFERENCES `clients` (`id`) ON DELETE CASCADE,
  CONSTRAINT `sales_company_id_foreign` FOREIGN KEY (`company_id`) REFERENCES `companies` (`id`) ON DELETE CASCADE,
  CONSTRAINT `sales_typedocument_id_foreign` FOREIGN KEY (`typedocument_id`) REFERENCES `typedocuments` (`id`) ON DELETE CASCADE,
  CONSTRAINT `sales_user_id_foreign` FOREIGN KEY (`user_id`) REFERENCES `users` (`id`) ON DELETE CASCADE
) ENGINE=InnoDB AUTO_INCREMENT=5 DEFAULT CHARSET=utf8mb4 COLLATE=utf8mb4_unicode_ci;

-- Volcando datos para la tabla inet.sales: ~4 rows (aproximadamente)
DELETE FROM `sales`;
INSERT INTO `sales` (`id`, `acuenta`, `state`, `totalamount`, `waytopay`, `typesale`, `date`, `user_id`, `typedocument_id`, `client_id`, `company_id`, `created_at`, `updated_at`) VALUES
	(1, NULL, 1, NULL, NULL, '2', '2023-05-21', 1, 3, NULL, 1, '2023-05-21 21:08:45', '2023-05-21 21:08:45'),
	(2, NULL, 1, NULL, NULL, '2', '2023-05-21', 1, 6, NULL, 1, '2023-05-21 21:09:05', '2023-05-21 21:09:05'),
	(3, NULL, 1, NULL, NULL, '2', '2023-05-21', 1, 6, NULL, 1, '2023-05-21 21:10:45', '2023-05-21 21:10:45'),
	(4, NULL, 1, NULL, NULL, '2', '2023-05-21', 1, 6, NULL, 1, '2023-05-21 21:11:52', '2023-05-21 21:11:52');

-- Volcando estructura para tabla inet.salesdetails
CREATE TABLE IF NOT EXISTS `salesdetails` (
  `id` bigint unsigned NOT NULL AUTO_INCREMENT,
  `sale_id` bigint unsigned DEFAULT NULL,
  `product_id` bigint unsigned DEFAULT NULL,
  `amountp` int NOT NULL,
  `pricesale` decimal(5,2) NOT NULL,
  `priceunit` decimal(5,2) NOT NULL,
  `nosujeta` decimal(5,2) NOT NULL,
  `exempt` decimal(5,2) NOT NULL,
  `detained` decimal(5,2) DEFAULT NULL,
  `detained13` decimal(5,2) NOT NULL,
  `created_at` timestamp NULL DEFAULT NULL,
  `updated_at` timestamp NULL DEFAULT NULL,
  PRIMARY KEY (`id`),
  KEY `salesdetails_sale_id_foreign` (`sale_id`),
  KEY `salesdetails_product_id_foreign` (`product_id`),
  CONSTRAINT `salesdetails_product_id_foreign` FOREIGN KEY (`product_id`) REFERENCES `products` (`id`) ON DELETE CASCADE,
  CONSTRAINT `salesdetails_sale_id_foreign` FOREIGN KEY (`sale_id`) REFERENCES `sales` (`id`) ON DELETE CASCADE
) ENGINE=InnoDB DEFAULT CHARSET=utf8mb4 COLLATE=utf8mb4_unicode_ci;

-- Volcando datos para la tabla inet.salesdetails: ~0 rows (aproximadamente)
DELETE FROM `salesdetails`;

-- Volcando estructura para tabla inet.typedocuments
CREATE TABLE IF NOT EXISTS `typedocuments` (
  `id` bigint unsigned NOT NULL AUTO_INCREMENT,
  `company_id` varchar(255) COLLATE utf8mb4_unicode_ci DEFAULT NULL,
  `type` varchar(255) COLLATE utf8mb4_unicode_ci NOT NULL,
  `description` varchar(255) COLLATE utf8mb4_unicode_ci NOT NULL,
  `codemh` varchar(255) COLLATE utf8mb4_unicode_ci NOT NULL,
  `versionjson` varchar(255) COLLATE utf8mb4_unicode_ci DEFAULT NULL,
  `versionjsoncontingencia` varchar(255) COLLATE utf8mb4_unicode_ci DEFAULT NULL,
  `contingencia` varchar(255) COLLATE utf8mb4_unicode_ci DEFAULT NULL,
  `ambiente` varchar(255) COLLATE utf8mb4_unicode_ci DEFAULT NULL,
  `invalidation` varchar(255) COLLATE utf8mb4_unicode_ci DEFAULT NULL,
  `periodinvalidation` varchar(255) COLLATE utf8mb4_unicode_ci DEFAULT NULL,
  `versionjsoncontingenciainvalidation` varchar(255) COLLATE utf8mb4_unicode_ci DEFAULT NULL,
  `created_at` timestamp NULL DEFAULT NULL,
  `updated_at` timestamp NULL DEFAULT NULL,
  PRIMARY KEY (`id`)
) ENGINE=InnoDB AUTO_INCREMENT=12 DEFAULT CHARSET=utf8mb4 COLLATE=utf8mb4_unicode_ci;

-- Volcando datos para la tabla inet.typedocuments: ~11 rows (aproximadamente)
DELETE FROM `typedocuments`;
INSERT INTO `typedocuments` (`id`, `company_id`, `type`, `description`, `codemh`, `versionjson`, `versionjsoncontingencia`, `contingencia`, `ambiente`, `invalidation`, `periodinvalidation`, `versionjsoncontingenciainvalidation`, `created_at`, `updated_at`) VALUES
	(1, '1', 'CDN', 'COMPROBANTE DE DONACION', '15', '1', '0', '0', '0', '0', '0', '0', '2023-05-19 21:20:57', '2023-05-19 21:20:57'),
	(2, '1', 'CLQ', 'COPROBANTE DE LIQUIDACION', '8', '1', '0', '0', '0', '0', '0', '0', '2023-05-19 21:20:57', '2023-05-19 21:20:57'),
	(3, '1', 'CRF', 'COMPROBANTE DE CREDITO FISCAL', '3', '1', '0', '0', '0', '0', '0', '0', '2023-05-19 21:20:57', '2023-05-19 21:20:57'),
	(4, '1', 'CRT', 'COMPROBANTE DE RETENCION', '7', '1', '0', '0', '0', '0', '0', '0', '2023-05-19 21:20:57', '2023-05-19 21:20:57'),
	(5, '1', 'DCL', 'DOCUMENTO CONTABLE DE LIQUIDACION', '9', '1', '0', '0', '0', '0', '0', '0', '2023-05-19 21:20:57', '2023-05-19 21:20:57'),
	(6, '1', 'FAC', 'FACTURA', '1', '1', '0', '0', '0', '0', '0', '0', '2023-05-19 21:20:57', '2023-05-19 21:20:57'),
	(7, '1', 'FEX', 'FACTURAS DE EXPORTACION', '11', '1', '0', '0', '0', '0', '0', '0', '2023-05-19 21:20:57', '2023-05-19 21:20:57'),
	(8, '1', 'FSE', 'FACTURAS DE SUJETO EXCLUIDO', '14', '1', '0', '0', '0', '0', '0', '0', '2023-05-19 21:20:57', '2023-05-19 21:20:57'),
	(9, '1', 'NCR', 'NOTA DE CREDITO', '5', '1', '0', '0', '0', '0', '0', '0', '2023-05-19 21:20:57', '2023-05-19 21:20:57'),
	(10, '1', 'NDB', 'NOTA DE DEBITO', '6', '1', '0', '0', '0', '0', '0', '0', '2023-05-19 21:20:57', '2023-05-19 21:20:57'),
	(11, '1', 'NRM', 'NOTA REMISION', '4', '1', '0', '0', '0', '0', '0', '0', '2023-05-19 21:20:57', '2023-05-19 21:20:57');

-- Volcando estructura para tabla inet.users
CREATE TABLE IF NOT EXISTS `users` (
  `id` bigint unsigned NOT NULL AUTO_INCREMENT,
  `name` varchar(255) COLLATE utf8mb4_unicode_ci NOT NULL,
  `email` varchar(255) COLLATE utf8mb4_unicode_ci NOT NULL,
  `image` varchar(255) COLLATE utf8mb4_unicode_ci DEFAULT NULL,
  `state` varchar(255) COLLATE utf8mb4_unicode_ci NOT NULL DEFAULT 'Active',
  `email_verified_at` timestamp NULL DEFAULT NULL,
  `password` varchar(255) COLLATE utf8mb4_unicode_ci NOT NULL,
  `remember_token` varchar(100) COLLATE utf8mb4_unicode_ci DEFAULT NULL,
  `created_at` timestamp NULL DEFAULT NULL,
  `updated_at` timestamp NULL DEFAULT NULL,
  PRIMARY KEY (`id`),
  UNIQUE KEY `users_email_unique` (`email`)
) ENGINE=InnoDB AUTO_INCREMENT=11 DEFAULT CHARSET=utf8mb4 COLLATE=utf8mb4_unicode_ci;

-- Volcando datos para la tabla inet.users: ~10 rows (aproximadamente)
DELETE FROM `users`;
INSERT INTO `users` (`id`, `name`, `email`, `image`, `state`, `email_verified_at`, `password`, `remember_token`, `created_at`, `updated_at`) VALUES
	(1, 'Brian Ventura', 'bventura@admin.com', '1684513241_13.png', 'Active', NULL, '$2y$10$M36cs4TMpJIuwU4LH/pzwueYZClm92xN.p2RM3fRfydUbf1voL48e', NULL, '2023-05-19 21:20:56', '2023-05-19 22:20:41'),
	(2, 'Osborne Nienow', 'cronin.rosemarie@example.net', NULL, 'Active', '2023-05-19 21:20:57', '$2y$10$92IXUNpkjO0rOQ5byMi.Ye4oKoEa3Ro9llC/.og/at2.uheWG/igi', 'BZpqf18dNs', '2023-05-19 21:20:57', '2023-05-19 21:20:57'),
	(3, 'Brooks Crooks', 'pagac.sincere@example.org', NULL, 'Active', '2023-05-19 21:20:57', '$2y$10$92IXUNpkjO0rOQ5byMi.Ye4oKoEa3Ro9llC/.og/at2.uheWG/igi', '1fNkO0gI6H', '2023-05-19 21:20:57', '2023-05-19 21:20:57'),
	(4, 'Kathryne Hane Sr.', 'oconnell.mekhi@example.net', NULL, 'Active', '2023-05-19 21:20:57', '$2y$10$92IXUNpkjO0rOQ5byMi.Ye4oKoEa3Ro9llC/.og/at2.uheWG/igi', 'sn1ukRFw5z', '2023-05-19 21:20:57', '2023-05-19 21:20:57'),
	(5, 'Mrs. Hermina Kuvalis', 'hirthe.flossie@example.net', NULL, 'Active', '2023-05-19 21:20:57', '$2y$10$92IXUNpkjO0rOQ5byMi.Ye4oKoEa3Ro9llC/.og/at2.uheWG/igi', 'ELulPpppFs', '2023-05-19 21:20:57', '2023-05-19 21:20:57'),
	(6, 'Dr. Vladimir Langworth Sr.', 'marge06@example.net', NULL, 'Active', '2023-05-19 21:20:57', '$2y$10$92IXUNpkjO0rOQ5byMi.Ye4oKoEa3Ro9llC/.og/at2.uheWG/igi', 'hK9JNBPnGo', '2023-05-19 21:20:57', '2023-05-19 21:20:57'),
	(7, 'Rhiannon Crooks V', 'shemar.pagac@example.org', NULL, 'Active', '2023-05-19 21:20:57', '$2y$10$92IXUNpkjO0rOQ5byMi.Ye4oKoEa3Ro9llC/.og/at2.uheWG/igi', 'QtG1AcXfZj', '2023-05-19 21:20:57', '2023-05-19 21:20:57'),
	(8, 'Loren Streich V', 'elise.prohaska@example.org', NULL, 'Active', '2023-05-19 21:20:57', '$2y$10$92IXUNpkjO0rOQ5byMi.Ye4oKoEa3Ro9llC/.og/at2.uheWG/igi', 'v1ibfyzVx0', '2023-05-19 21:20:57', '2023-05-19 21:20:57'),
	(9, 'Prof. Eli Schimmel', 'streich.gene@example.org', NULL, 'Active', '2023-05-19 21:20:57', '$2y$10$92IXUNpkjO0rOQ5byMi.Ye4oKoEa3Ro9llC/.og/at2.uheWG/igi', 'Zs0ijU15Ha', '2023-05-19 21:20:57', '2023-05-19 21:20:57'),
	(10, 'Jermain Roob', 'yrodriguez@example.com', NULL, 'Active', '2023-05-19 21:20:57', '$2y$10$92IXUNpkjO0rOQ5byMi.Ye4oKoEa3Ro9llC/.og/at2.uheWG/igi', 'TCW58GrsJo', '2023-05-19 21:20:57', '2023-05-19 21:20:57');

/*!40103 SET TIME_ZONE=IFNULL(@OLD_TIME_ZONE, 'system') */;
/*!40101 SET SQL_MODE=IFNULL(@OLD_SQL_MODE, '') */;
/*!40014 SET FOREIGN_KEY_CHECKS=IFNULL(@OLD_FOREIGN_KEY_CHECKS, 1) */;
/*!40101 SET CHARACTER_SET_CLIENT=@OLD_CHARACTER_SET_CLIENT */;
/*!40111 SET SQL_NOTES=IFNULL(@OLD_SQL_NOTES, 1) */;
